trade_id,strategy,symbol,direction,entry_time,entry_price,initial_stop,initial_risk,exit_time,exit_price,exit_reason,bars_held,gross_profit,gross_R,MAE_points,MFE_points,MAE_R,MFE_R,profit_points,profit_R,quantity,costs,net_profit,tick_size,initial_risk_ticks,cost_R,strategy_id,initial_risk_points,net_R_C1,fold,fold_start_state
NG-000001,T3_MTF_Trend_v1.0,NG,SHORT,2024-02-14 18:00:00+03:00,3.59785116752,3.71128407206,0.113432904537,2024-02-15 17:00:00+03:00,3.6234945956,ATR_TRAILING_STOP,15,-226.066926317,-0.243698494583,0.0303616132281,0.106265646298,0.267661428154,0.936814998537,-0.0256434280719,-0.243698494583,8815.78413318,17.6315682664,-243.698494583,0.001,113.432904537,0.0176315682664,T3_MTF_Trend_v1.0,0.113432904537,-0.26133006285,WF01,FLAT
NG-000002,T3_MTF_Trend_v1.0,NG,SHORT,2024-02-15 20:00:00+03:00,3.44387441473,3.56123026086,0.117355846134,2024-02-16 20:00:00+03:00,3.56024490348,ATR_TRAILING_STOP,16,-989.187155571,-1.00864586346,0.116370488756,0.00650605997744,0.991603678809,0.0554387377515,-0.116370488756,-1.00864586346,8500.32655308,17.0006531062,-1006.18780868,0.001,117.355846134,0.0170421846536,T3_MTF_Trend_v1.0,0.117355846134,-1.02568804812,WF01,FLAT
CNY-000001,T3_MTF_Trend_v1.0,CNY,LONG,2024-02-20 09:00:00+03:00,15.540309773,15.4836063784,0.0567033946361,2024-02-20 11:00:00+03:00,15.4836063784,ATR_TRAILING_STOP,2,-1000,-1.03527125691,0.0567033946361,0.00841967247764,1,0.148486215538,-0.0567033946361,-1.03527125691,17635.6284561,35.2712569121,-1035.27125691,0.001,56.7033946361,0.0352712569121,T3_MTF_Trend_v1.0,0.0567033946361,-1.07054251382,WF01,FLAT
MIX-000001,T3_MTF_Trend_v1.0,MIX,SHORT,2024-02-20 20:00:00+03:00,451559.066925,454025.149527,2466.08260246,2024-02-22 16:00:00+03:00,448668.95566,ATR_TRAILING_STOP,28,1171.94422504,1.17194341403,630.766972268,7148.69235237,0.255776903677,2.89880490834,2890.11126441,1.17194341403,0.405501421162,0.000811002842324,1171.94341403,0.001,2466082.60246,8.11002842324e-07,T3_MTF_Trend_v1.0,2466.08260246,1.17194260303,WF01,FLAT
NG-000003,T3_MTF_Trend_v1.0,NG,SHORT,2024-02-22 20:00:00+03:00,3.64122490071,3.75172792059,0.110503019879,2024-02-22 23:00:00+03:00,3.75172792059,ATR_TRAILING_STOP,3,-987.501136967,-1.01809905288,0.110503019879,0.0195181799323,1,0.176630285341,-0.110503019879,-1.01809905288,8936.41764765,17.8728352953,-1005.37397226,0.001,110.503019879,0.0180990528783,T3_MTF_Trend_v1.0,0.110503019879,-1.03619810576,WF01,FLAT
CNY-000002,T3_MTF_Trend_v1.0,CNY,LONG,2024-02-22 20:00:00+03:00,15.577596894,15.4910039856,0.0865929084243,2024-02-26 11:00:00+03:00,15.4932764107,ATR_TRAILING_STOP,7,-963.676346388,-0.996853956194,0.0843204833412,0.0288674484948,0.97375737662,0.333369660635,-0.0843204833412,-0.996853956194,11428.7336624,22.8574673247,-986.533813713,0.001,86.5929084243,0.0230965795744,T3_MTF_Trend_v1.0,0.0865929084243,-1.01995053577,WF01,FLAT
NG-000004,T3_MTF_Trend_v1.0,NG,SHORT,2024-02-26 22:00:00+03:00,3.54363400105,3.67949879549,0.135864794445,2024-02-27 17:00:00+03:00,3.67503262506,ATR_TRAILING_STOP,11,-945.316581574,-0.981848348248,0.131398624011,0.00216868665915,0.967127831368,0.0159620942865,-0.131398624011,-0.981848348248,7194.26545513,14.3885309103,-959.705112484,0.001,135.864794445,0.0147205168798,T3_MTF_Trend_v1.0,0.135864794445,-0.996568865128,WF01,FLAT
CNY-000003,T3_MTF_Trend_v1.0,CNY,SHORT,2024-02-29 10:00:00+03:00,15.2095369257,15.2751451652,0.0656082395384,2024-02-29 21:00:00+03:00,15.251736531,ATR_TRAILING_STOP,11,-630.201508687,-0.673689853746,0.0421996052991,0.0697630005291,0.643205877738,1.06332681718,-0.0421996052991,-0.673689853746,14933.8247176,29.8676494351,-660.069158122,0.001,65.6082395384,0.0304839760078,T3_MTF_Trend_v1.0,0.0656082395384,-0.704173829754,WF01,FLAT
Si-000001,T3_MTF_Trend_v1.0,Si,SHORT,2024-02-29 11:00:00+03:00,123637.434379,124208.773677,571.339298404,2024-03-01 10:00:00+03:00,123983.886689,ATR_TRAILING_STOP,15,-606.386277626,-0.606389778173,389.571137405,447.736272504,0.681856015319,0.783660906495,-346.452310421,-0.606389778173,1.75027344136,0.00350054688271,-606.389778173,0.001,571339.298404,3.50054688271e-06,T3_MTF_Trend_v1.0,571.339298404,-0.60639327872,WF01,FLAT
GD-000001,T3_MTF_Trend_v1.0,GD,LONG,2024-03-01 19:00:00+03:00,2153.57100409,2144.0055899,9.5654141924,2024-03-05 20:00:00+03:00,2203.50027214,ATR_TRAILING_STOP,33,5219.77062825,5.21956154164,0,69.5235094417,0,7.26821735507,49.9292680486,5.21956154164,104.543303602,0.209086607205,5219.56154164,0.001,9565.4141924,0.000209086607205,T3_MTF_Trend_v1.0,9.5654141924,5.21935245504,WF01,FLAT
GD-000002,T3_MTF_Trend_v1.0,GD,LONG,2024-03-06 18:00:00+03:00,2224.02701962,2211.8680968,12.1589228197,2024-03-12 15:00:00+03:00,2248.80600468,ATR_TRAILING_STOP,45,2144.29681178,2.03776152128,11.7081319924,38.5435849662,0.962925101672,3.16998352055,24.7789850623,2.03776152128,86.5369104662,0.173073820932,2144.12373796,0.001,12158.9228197,0.000164488255222,T3_MTF_Trend_v1.0,12.1589228197,2.03759703303,WF01,FLAT
NG-000005,T3_MTF_Trend_v1.0,NG,SHORT,2024-03-12 19:00:00+03:00,3.53056542405,3.62920952463,0.0986441005817,2024-03-14 18:00:00+03:00,3.47411001785,ATR_TRAILING_STOP,31,553.914366016,0.55203915777,0.0122094481523,0.162792642031,0.123772715047,1.65030286729,0.0564554062041,0.55203915777,9811.53804853,19.6230760971,534.291289919,0.001,98.6441005817,0.0202749073508,T3_MTF_Trend_v1.0,0.0986441005817,0.531764250419,WF01,FLAT
GD-000003,T3_MTF_Trend_v1.0,GD,LONG,2024-03-21 14:00:00+03:00,2290.23495186,2274.94711507,15.2878367878,2024-03-25 11:00:00+03:00,2286.97322859,ATR_TRAILING_STOP,19,-229.064867635,-0.213484963175,4.13297206581,5.58017140285,0.270343811434,0.365007259058,-3.26172327367,-0.213484963175,70.2281733967,0.140456346793,-229.205323982,0.001,15287.8367878,0.000130822956037,T3_MTF_Trend_v1.0,15.2878367878,-0.213615786131,WF01,FLAT
MIX-000002,T3_MTF_Trend_v1.0,MIX,SHORT,2024-03-22 21:00:00+03:00,450493.353947,453409.697434,2916.34348692,2024-03-25 11:00:00+03:00,451923.240536,ATR_TRAILING_STOP,6,-496.047210274,-0.490301843933,1606.09782565,3143.85106297,0.550723134243,1.0780112415,-1429.88658918,-0.490301843933,0.346913674153,0.000693827348306,-496.047904102,0.001,2916343.48692,6.85790274352e-07,T3_MTF_Trend_v1.0,2916.34348692,-0.490302529723,WF01,FLAT
NG-000001,T3_MTF_Trend_v1.0,NG,LONG,2024-05-10 09:00:00+03:00,3.40395157038,3.31355454414,0.0903970262391,2024-05-13 09:00:00+03:00,3.31115669849,ATR_TRAILING_STOP,16,-1026.52571383,-1.04865033544,0.0927948718884,0.0206210826419,1.02652571383,0.228116825296,-0.0927948718884,-1.04865033544,11062.3108038,22.1246216077,-1048.65033544,0.001,90.3970262391,0.0221246216077,T3_MTF_Trend_v1.0,0.0903970262391,-1.07077495705,WF02,FLAT
BR-000001,T3_MTF_Trend_v1.0,BR,SHORT,2024-05-11 00:00:00+03:00,58.963824634,59.3957483048,0.431923670807,2024-05-13 15:00:00+03:00,59.3957483048,ATR_TRAILING_STOP,7,-1000,-1.00463044777,0.431923670807,0.127873354628,1,0.296055445141,-0.431923670807,-1.00463044777,2315.22388697,4.63044777394,-1004.63044777,0.001,431.923670807,0.00463044777394,T3_MTF_Trend_v1.0,0.431923670807,-1.00926089555,WF02,FLAT
Si-000001,T3_MTF_Trend_v1.0,Si,SHORT,2024-05-13 12:00:00+03:00,121624.936357,122051.906833,426.970476907,2024-05-14 11:00:00+03:00,121474.358341,ATR_TRAILING_STOP,15,352.666105539,0.352661421374,0,701.92157079,0,1.64395809255,150.578015271,0.352661421374,2.342082308,0.00468416461599,352.661421374,0.001,426970.476907,4.68416461599e-06,T3_MTF_Trend_v1.0,426.970476907,0.352656737209,WF02,FLAT
NG-000002,T3_MTF_Trend_v1.0,NG,LONG,2024-05-13 19:00:00+03:00,3.43046439092,3.35572684337,0.0747375475481,2024-05-14 16:00:00+03:00,3.41839643913,ATR_TRAILING_STOP,13,-159.777803305,-0.188231381013,0.0120679517885,0.0810113960931,0.161471070224,1.08394506845,-0.0120679517885,-0.188231381013,13239.8443501,26.4796887002,-186.257492005,0.001,74.7375475481,0.0267603107891,T3_MTF_Trend_v1.0,0.0747375475481,-0.214991691802,WF02,FLAT
NG-000003,T3_MTF_Trend_v1.0,NG,LONG,2024-05-14 19:00:00+03:00,3.51294872149,3.43952872343,0.0734199980621,2024-05-15 17:00:00+03:00,3.4402309107,ATR_TRAILING_STOP,14,-978.205049653,-1.01767655624,0.0727178107872,0.0191481481675,0.99043602161,0.260802896661,-0.0727178107872,-1.01767655624,13452.0695695,26.904139139,-1005.10918879,0.001,73.4199980621,0.0272405346335,T3_MTF_Trend_v1.0,0.0734199980621,-1.04491709088,WF02,FLAT
BR-000002,T3_MTF_Trend_v1.0,BR,SHORT,2024-05-15 15:00:00+03:00,58.4523312155,58.9267306718,0.474399456335,2024-05-15 19:00:00+03:00,58.7112438981,ATR_TRAILING_STOP,4,-540.286384264,-0.549985205755,0.36941191337,0.58963824634,0.77869379578,1.24291509711,-0.258912682603,-0.549985205755,2086.75132803,4.17350265605,-544.45988692,0.001,474.399456335,0.00421585643342,T3_MTF_Trend_v1.0,0.474399456335,-0.554201062189,WF02,FLAT
NG-000004,T3_MTF_Trend_v1.0,NG,LONG,2024-05-15 20:00:00+03:00,3.5409344765,3.45760042058,0.0833340559282,2024-05-16 19:00:00+03:00,3.63712997855,ATR_TRAILING_STOP,15,1128.47869199,1.13033622326,0.0486068376558,0.234196581433,0.583276994195,2.81033460839,0.0961955020465,1.13033622326,11731.0962361,23.4621924722,1105.01649951,0.001,83.3340559282,0.0239997918945,T3_MTF_Trend_v1.0,0.0833340559282,1.10633643136,WF02,FLAT
NG-000005,T3_MTF_Trend_v1.0,NG,LONG,2024-05-17 17:00:00+03:00,3.78396866478,3.69597653852,0.087992126266,2024-05-21 16:00:00+03:00,3.98857731159,ATR_TRAILING_STOP,31,2298.91407555,2.30257700782,0.0103105413209,0.328464387796,0.117175726494,3.7328838583,0.204608646809,2.30257700782,11235.6643348,22.4713286697,2276.44274688,0.001,87.992126266,0.0227293064149,T3_MTF_Trend_v1.0,0.087992126266,2.27984770141,WF02,FLAT
MIX-000001,T3_MTF_Trend_v1.0,MIX,SHORT,2024-05-21 16:00:00+03:00,466246.781556,469517.89069,3271.10913391,2024-05-22 10:00:00+03:00,468775.531324,ATR_TRAILING_STOP,10,-773.055763204,-0.773056374617,2870.47270967,2187.02682641,0.877522758231,0.668588768176,-2528.74976804,-0.773056374617,0.305706706521,0.000611413413043,-773.056374617,0.001,3271109.13391,6.11413413043e-07,T3_MTF_Trend_v1.0,3271.10913391,-0.773056986031,WF02,FLAT
CNY-000001,T3_MTF_Trend_v1.0,CNY,SHORT,2024-05-21 19:00:00+03:00,14.6221558122,14.6797146407,0.0575588285065,2024-05-22 11:00:00+03:00,14.6446712805,ATR_TRAILING_STOP,8,-391.17315193,-0.425920210754,0.0225154683683,0.0525850724485,0.39117315193,0.913588302836,-0.0225154683683,-0.425920210754,17373.5294124,34.7470588248,-425.920210754,0.001,57.5588285065,0.0347470588248,T3_MTF_Trend_v1.0,0.0575588285065,-0.460667269579,WF02,FLAT
Si-000002,T3_MTF_Trend_v1.0,Si,SHORT,2024-05-21 19:00:00+03:00,118956.062921,119465.430601,509.367679495,2024-05-22 11:00:00+03:00,119177.189342,ATR_TRAILING_STOP,8,-435.65042893,-0.434123383519,221.126420478,458.344309284,0.434119457082,0.899829980847,-221.126420478,-0.434123383519,1.97014191244,0.00394028382487,-435.654369214,0.001,509367.679495,3.92643679705e-06,T3_MTF_Trend_v1.0,509.367679495,-0.434127309956,WF02,FLAT
BR-000003,T3_MTF_Trend_v1.0,BR,SHORT,2024-05-23 09:00:00+03:00,57.9834622485,58.5403618385,0.556899589943,2024-05-23 13:00:00+03:00,58.5403618385,ATR_TRAILING_STOP,4,-984.509096653,-1.00359131168,0.556899589943,0.0994570535995,1,0.178590638951,-0.556899589943,-1.00359131168,1767.83950721,3.53567901443,-988.044775667,0.001,556.899589943,0.0035913116765,T3_MTF_Trend_v1.0,0.556899589943,-1.00718262335,WF02,FLAT
MIX-000002,T3_MTF_Trend_v1.0,MIX,SHORT,2024-05-23 10:00:00+03:00,467271.950381,469783.088497,2511.13811651,2024-05-23 17:00:00+03:00,468632.975611,ATR_TRAILING_STOP,7,-537.805439276,-0.541996165478,1361.02523013,2802.12812134,0.541995369026,1.11587972916,-1361.02523013,-0.541996165478,0.395147295854,0.000790294591708,-537.806229571,0.001,2511138.11651,7.96451611662e-07,T3_MTF_Trend_v1.0,2511.13811651,-0.54199696193,WF02,FLAT
NG-000006,T3_MTF_Trend_v1.0,NG,LONG,2024-05-22 21:00:00+03:00,4.15514815234,4.03129501343,0.123853138905,2024-05-23 18:00:00+03:00,4.11618675822,ATR_TRAILING_STOP,13,-318.168084186,-0.330725522841,0.0721737892465,0.13992877507,0.582736859839,1.12979595275,-0.0389613941198,-0.330725522841,8166.23971944,16.3324794389,-334.500563625,0.001,123.853138905,0.0161481575492,T3_MTF_Trend_v1.0,0.123853138905,-0.34687368039,WF02,FLAT
BR-000004,T3_MTF_Trend_v1.0,BR,SHORT,2024-05-23 20:00:00+03:00,57.8200685176,58.4539791519,0.633910634287,2024-05-24 17:00:00+03:00,58.1551478182,ATR_TRAILING_STOP,13,-515.179693131,-0.531745773609,0.335079300628,0.447556741198,0.52859075476,0.706024977324,-0.335079300628,-0.531745773609,1537.48587921,3.07497175842,-518.254664889,0.001,633.910634287,0.00315501884939,T3_MTF_Trend_v1.0,0.633910634287,-0.534900792458,WF02,FLAT
GD-000001,T3_MTF_Trend_v1.0,GD,SHORT,2024-05-24 00:00:00+03:00,2408.75624892,2426.58498882,17.8287399099,2024-05-24 17:00:00+03:00,2426.58498882,ATR_TRAILING_STOP,9,-1000,-1.00011217843,17.8287399099,0,1,0,-17.8287399099,-1.00011217843,56.0892135424,0.112178427085,-1000.11217843,0.001,17828.7399099,0.000112178427085,T3_MTF_Trend_v1.0,17.8287399099,-1.00022435685,WF02,FLAT
MIX-000003,T3_MTF_Trend_v1.0,MIX,SHORT,2024-05-24 15:00:00+03:00,461052.592843,464673.102123,3620.5092801,2024-05-24 19:00:00+03:00,464673.102123,ATR_TRAILING_STOP,4,-986.891373958,-1.00000055241,3620.5092801,1025.16882488,1,0.283155972149,-3620.5092801,-1.00000055241,0.272583578057,0.000545167156114,-986.891919125,0.001,3620509.2801,5.52408472198e-07,T3_MTF_Trend_v1.0,3620.5092801,-1.00000110482,WF02,FLAT
CNY-000002,T3_MTF_Trend_v1.0,CNY,SHORT,2024-05-27 12:00:00+03:00,14.331185078,14.388656118,0.0574710400639,2024-05-27 16:00:00+03:00,14.388656118,ATR_TRAILING_STOP,4,-995.740797892,-1.03480013582,0.0574710400639,0.0303824863036,1,0.528657324972,-0.0574710400639,-1.03480013582,17325.9575046,34.6519150092,-1030.3927129,0.001,57.4710400639,0.034800135821,T3_MTF_Trend_v1.0,0.0574710400639,-1.06960027164,WF02,FLAT
Si-000003,T3_MTF_Trend_v1.0,Si,SHORT,2024-05-27 12:00:00+03:00,116987.801502,117484.417712,496.616210283,2024-05-27 16:00:00+03:00,117484.417712,ATR_TRAILING_STOP,4,-999.170070522,-1.00000402725,496.616210283,175.480392697,1,0.353352123962,-496.616210283,-1.00000402725,2.01195621454,0.00402391242908,-999.174094434,0.001,496616.210283,4.02725476653e-06,T3_MTF_Trend_v1.0,496.616210283,-1.00000805451,WF02,FLAT
MIX-000004,T3_MTF_Trend_v1.0,MIX,SHORT,2024-05-27 11:00:00+03:00,458352.981604,461935.886823,3582.90521885,2024-05-28 11:00:00+03:00,456097.069648,ATR_TRAILING_STOP,16,615.164650555,0.629631491245,2016.1653556,7757.11077493,0.562718026978,2.16503376481,2255.91195593,0.629631491245,0.272690008552,0.000545380017103,615.164105175,0.001,3582905.21885,5.58206225908e-07,T3_MTF_Trend_v1.0,3582.90521885,0.629630933039,WF02,FLAT
CNY-000003,T3_MTF_Trend_v1.0,CNY,SHORT,2024-05-31 21:00:00+03:00,14.500625867,14.559945172,0.0593193050649,2024-06-03 10:00:00+03:00,14.559945172,ATR_TRAILING_STOP,5,-985.436870763,-1.03371583665,0.0593193050649,0.00350567149657,1,0.0590983237705,-0.0593193050649,-1.03371583665,16612.4142838,33.2248285676,-1018.66169933,0.001,59.3193050649,0.0337158366541,T3_MTF_Trend_v1.0,0.0593193050649,-1.06743167331,WF02,FLAT
Si-000004,T3_MTF_Trend_v1.0,Si,SHORT,2024-05-31 21:00:00+03:00,118187.354037,118681.799497,494.445459778,2024-06-03 10:00:00+03:00,118681.799497,ATR_TRAILING_STOP,5,-989.178329577,-1.00000404494,494.445459778,39.2866550815,1,0.0794559931831,-494.445459778,-1.00000404494,2.0005812775,0.00400116255501,-989.18233074,0.001,494445.459778,4.04493551402e-06,T3_MTF_Trend_v1.0,494.445459778,-1.00000808987,WF02,FLAT
MIX-000005,T3_MTF_Trend_v1.0,MIX,SHORT,2024-05-30 19:00:00+03:00,447827.915002,452111.947373,4284.03237061,2024-06-04 00:00:00+03:00,432534.755177,ATR_TRAILING_STOP,37,3509.73972249,3.56980445114,1435.23635483,24945.7747388,0.335019960325,5.82296597708,15293.1598254,3.56980445114,0.22949735454,0.00045899470908,3509.7392635,0.001,4284032.37061,4.66849880436e-07,T3_MTF_Trend_v1.0,4284.03237061,3.56980398429,WF02,FLAT
NG-000007,T3_MTF_Trend_v1.0,NG,LONG,2024-06-04 15:00:00+03:00,3.80005106611,3.69971018261,0.100340883493,2024-06-04 16:00:00+03:00,3.69971018261,ATR_TRAILING_STOP,1,-1008.06941667,-1.01993205491,0.100340883493,0,1,0,-0.100340883493,-1.01993205491,10046.4474855,20.0928949711,-1028.16231164,0.001,100.340883493,0.019932054915,T3_MTF_Trend_v1.0,0.100340883493,-1.03986410983,WF02,FLAT
CNY-000004,T3_MTF_Trend_v1.0,CNY,SHORT,2024-06-03 13:00:00+03:00,14.4328495514,14.5095628211,0.0767132696979,2024-06-05 11:00:00+03:00,14.4009920262,ATR_TRAILING_STOP,30,405.002415101,0.389209393352,0.0140226859863,0.123867059545,0.182793485944,1.61467579251,0.0318575251612,0.389209393352,12712.9277322,25.4258554644,379.576559637,0.001,76.7132696979,0.0260711087909,T3_MTF_Trend_v1.0,0.0767132696979,0.363138284562,WF02,FLAT
Si-000005,T3_MTF_Trend_v1.0,Si,SHORT,2024-06-03 11:00:00+03:00,118005.325868,118612.087807,606.761938389,2024-06-05 11:00:00+03:00,117209.063211,ATR_TRAILING_STOP,32,1285.13215257,1.31231148028,5.23822067755,1533.48910335,0.00863307393911,2.52733239567,796.262657542,1.31231148028,1.61395506922,0.00322791013843,1285.12892466,0.001,606761.938389,3.29618565942e-06,T3_MTF_Trend_v1.0,606.761938389,1.31230818409,WF02,FLAT
BR-000005,T3_MTF_Trend_v1.0,BR,SHORT,2024-06-03 20:00:00+03:00,56.0262825367,57.0118347061,0.985552169406,2024-06-05 18:00:00+03:00,55.7839805703,ATR_TRAILING_STOP,30,238.342224979,0.24382470442,0.0640544388758,1.17433137939,0.0649934532785,1.19154664344,0.242301966396,0.24382470442,983.657823849,1.9673156477,236.374909332,0.001,985.552169406,0.0020293192609,T3_MTF_Trend_v1.0,0.985552169406,0.241795385159,WF02,FLAT
Si-000006,T3_MTF_Trend_v1.0,Si,SHORT,2024-06-06 23:00:00+03:00,116380.167903,116902.754037,522.586134187,2024-06-07 11:00:00+03:00,116902.754037,ATR_TRAILING_STOP,4,-992.137795516,-1.00000382712,522.586134187,65.4777584692,1,0.125295629152,-522.586134187,-1.00000382712,1.8985153463,0.00379703069259,-992.141592547,0.001,522586.134187,3.82712029493e-06,T3_MTF_Trend_v1.0,522.586134187,-1.00000765424,WF02,FLAT
GD-000002,T3_MTF_Trend_v1.0,GD,SHORT,2024-06-07 23:00:00+03:00,2369.28368716,2390.43133479,21.147647626,2024-06-10 15:00:00+03:00,2390.43133479,ATR_TRAILING_STOP,8,-989.998878216,-1.00009457317,21.147647626,0,1,0,-21.147647626,-1.00009457317,46.8136643719,0.0936273287437,-990.092505544,0.001,21147.647626,9.45731664994e-05,T3_MTF_Trend_v1.0,21.147647626,-1.00018914633,WF02,FLAT
NG-000008,T3_MTF_Trend_v1.0,NG,LONG,2024-06-10 09:00:00+03:00,4.01873961769,3.9109145825,0.107825035195,2024-06-10 21:00:00+03:00,4.00888609075,ATR_TRAILING_STOP,12,-91.1822461954,-0.109932975395,0.0364480919307,0.144442438392,0.33802995626,1.33960019703,-0.00985352694103,-0.109932975395,9253.76738107,18.5075347621,-109.689780958,0.001,107.825035195,0.018548568024,T3_MTF_Trend_v1.0,0.107825035195,-0.128481543419,WF02,FLAT
CNY-000005,T3_MTF_Trend_v1.0,CNY,SHORT,2024-06-10 15:00:00+03:00,14.2996340345,14.3711855948,0.0715515602836,2024-06-11 11:00:00+03:00,14.3257506265,ATR_TRAILING_STOP,12,-357.355526178,-0.39295568016,0.0261165920378,0.0666077584348,0.365003808921,0.930905743645,-0.0261165920378,-0.39295568016,13683.0841352,27.3661682704,-384.721694448,0.001,71.5515602836,0.027951871239,T3_MTF_Trend_v1.0,0.0715515602836,-0.420907551399,WF02,FLAT
Si-000007,T3_MTF_Trend_v1.0,Si,SHORT,2024-06-10 20:00:00+03:00,116181.115517,116816.907012,635.791494871,2024-06-11 11:00:00+03:00,116801.774249,ATR_TRAILING_STOP,7,-958.838199376,-0.976201689407,620.658731404,134.884182447,0.976198543722,0.212151599282,-620.658731404,-0.976201689407,1.5448718448,0.0030897436896,-958.84128912,0.001,635791.494871,3.14568536404e-06,T3_MTF_Trend_v1.0,635.791494871,-0.976204835093,WF02,FLAT
NG-000009,T3_MTF_Trend_v1.0,NG,LONG,2024-06-11 22:00:00+03:00,4.21852915865,4.09742698616,0.12110217249,2024-06-13 10:00:00+03:00,4.09703551888,ATR_TRAILING_STOP,3,-999.912736151,-1.01974751757,0.121493639769,0.0310483746076,1.00323253721,0.256381648399,-0.121493639769,-1.01974751757,8230.16528316,16.4603305663,-1016.37306672,0.001,121.10217249,0.0165149803582,T3_MTF_Trend_v1.0,0.12110217249,-1.03626249793,WF02,FLAT
MIX-000006,T3_MTF_Trend_v1.0,MIX,SHORT,2024-06-10 19:00:00+03:00,432894.622453,437575.910481,4681.28802816,2024-06-13 11:00:00+03:00,427239.269836,ATR_TRAILING_STOP,23,1230.14954261,1.20807576518,2289.5437089,13327.1947235,0.489084135633,2.84690765517,5655.35261664,1.20807576518,0.217519512221,0.000435039024443,1230.14910757,0.001,4681288.02816,4.27232844458e-07,T3_MTF_Trend_v1.0,4681.28802816,1.20807533795,WF02,FLAT
GD-000003,T3_MTF_Trend_v1.0,GD,SHORT,2024-06-13 20:00:00+03:00,2379.92681245,2397.50843548,17.5816230305,2024-06-14 12:00:00+03:00,2397.50843548,ATR_TRAILING_STOP,7,-980.09795316,-1.00011375514,17.5816230305,0.206662626993,1,0.0117544680963,-17.5816230305,-1.00011375514,55.7455902371,0.111491180474,-980.209444341,0.001,17581.6230305,0.000113755140611,T3_MTF_Trend_v1.0,17.5816230305,-1.00022751028,WF02,FLAT
BR-000006,T3_MTF_Trend_v1.0,BR,LONG,2024-06-13 17:00:00+03:00,58.915849446,58.3542177547,0.561631691275,2024-06-17 10:00:00+03:00,58.5457571325,ATR_TRAILING_STOP,23,-640.382944475,-0.662520152059,0.434146752381,0.491084031381,0.773009712815,0.874388035807,-0.370092313505,-0.662520152059,1730.33300371,3.46066600741,-643.843610482,0.001,561.631691275,0.00356105260987,T3_MTF_Trend_v1.0,0.561631691275,-0.666081204669,WF02,FLAT
Si-000008,T3_MTF_Trend_v1.0,Si,SHORT,2024-06-17 13:00:00+03:00,116020.040232,116590.78386,570.743628227,2024-06-18 12:00:00+03:00,113803.735973,ATR_TRAILING_STOP,14,3776.89631163,3.88318353231,124.407741091,3618.30093301,0.217974822562,6.33962562884,2216.3042583,3.88318353231,1.70414161209,0.00340828322419,3776.89290335,0.001,570743.628227,3.50420031181e-06,T3_MTF_Trend_v1.0,570.743628227,3.88318002811,WF02,FLAT
CNY-000006,T3_MTF_Trend_v1.0,CNY,SHORT,2024-06-17 13:00:00+03:00,14.1465530458,14.2252477846,0.0786947388146,2024-06-19 12:00:00+03:00,13.0758845528,ATR_TRAILING_STOP,29,13267.9089848,13.5799229924,0.024539700476,1.4303139706,0.311834067253,18.1754713485,1.07066849301,13.5799229924,12392.1728074,24.7843456148,13243.1246392,0.001,78.6947388146,0.0254146596091,T3_MTF_Trend_v1.0,0.0786947388146,13.5545083328,WF02,FLAT
MIX-000007,T3_MTF_Trend_v1.0,MIX,SHORT,2024-06-17 20:00:00+03:00,432177.004276,436067.682741,3890.67846553,2024-06-19 12:00:00+03:00,422743.076325,ATR_TRAILING_STOP,22,2498.88324702,2.42475085888,1366.89176651,15685.0830207,0.351324782713,4.03145188163,9433.92795091,2.42475085888,0.264882587616,0.000529765175231,2498.88271725,0.001,3890678.46553,5.14049160762e-07,T3_MTF_Trend_v1.0,3890.67846553,2.42475034483,WF02,FLAT
BR-000007,T3_MTF_Trend_v1.0,BR,LONG,2024-06-17 20:00:00+03:00,59.6275654335,59.0575108161,0.570054617381,2024-06-20 11:00:00+03:00,60.4668434149,ATR_TRAILING_STOP,36,1421.29358833,1.468768002,0.0569372790007,1.49460357377,0.0998803926233,2.62186030636,0.839277981402,1.468768002,1693.47179341,3.38694358681,1417.90664475,0.001,570.054617381,0.00350843575163,T3_MTF_Trend_v1.0,0.570054617381,1.46525956625,WF02,FLAT
MIX-000008,T3_MTF_Trend_v1.0,MIX,SHORT,2024-06-19 18:00:00+03:00,413040.519545,418900.791473,5860.2719287,2024-06-20 11:00:00+03:00,418430.934289,ATR_TRAILING_STOP,7,-970.930358892,-0.919823655016,5390.41474484,2016.1653556,0.919823313735,0.344039556548,-5390.41474484,-0.919823655016,0.18012164274,0.00036024328548,-970.930719136,0.001,5860271.9287,3.41281091446e-07,T3_MTF_Trend_v1.0,5860.2719287,-0.919823996297,WF02,FLAT
Si-000009,T3_MTF_Trend_v1.0,Si,SHORT,2024-06-18 20:00:00+03:00,111830.773245,113118.214065,1287.44082025,2024-06-21 11:00:00+03:00,108906.63438,ATR_TRAILING_STOP,26,2294.89447959,2.27127866253,214.767047779,3830.44887045,0.166817025219,2.97524267539,2924.1388643,2.27127866253,0.784810361643,0.00156962072329,2294.89290997,0.001,1287440.82025,1.55346946325e-06,T3_MTF_Trend_v1.0,1287.44082025,2.27127710906,WF02,FLAT
Si-000010,T3_MTF_Trend_v1.0,Si,SHORT,2024-06-21 12:00:00+03:00,107949.832854,108931.662401,981.829547304,2024-06-21 15:00:00+03:00,107679.796778,ATR_TRAILING_STOP,3,284.204781218,0.27503152328,353.209076824,2172.35932215,0.359745821252,2.21256258595,270.036075996,0.27503152328,1.05246967528,0.00210493935056,284.202676279,0.001,981829.547304,2.03701345666e-06,T3_MTF_Trend_v1.0,981.829547304,0.275029486266,WF02,FLAT
Si-000011,T3_MTF_Trend_v1.0,Si,SHORT,2024-06-24 19:00:00+03:00,105539.119154,106984.446868,1445.32771353,2024-06-25 13:00:00+03:00,106742.862882,ATR_TRAILING_STOP,9,-862.99087384,-0.832853141789,1203.74372713,439.658850872,0.832851758019,0.304193192143,-1203.74372713,-0.832853141789,0.716922426584,0.00143384485317,-862.992307685,0.001,1445327.71353,1.38376921806e-06,T3_MTF_Trend_v1.0,1445.32771353,-0.832854525558,WF02,FLAT
MIX-000009,T3_MTF_Trend_v1.0,MIX,SHORT,2024-06-25 00:00:00+03:00,412210.724529,415343.512582,3132.78805322,2024-06-25 19:00:00+03:00,414759.414629,ATR_TRAILING_STOP,10,-850.856765851,-0.813553951375,2548.69009952,2305.79756409,0.813553312966,0.736020926063,-2548.69009952,-0.813553951375,0.333840809446,0.000667681618892,-850.857433533,0.001,3132788.05322,6.38408971824e-07,T3_MTF_Trend_v1.0,3132.78805322,-0.813554589784,WF02,FLAT
CNY-000007,T3_MTF_Trend_v1.0,CNY,SHORT,2024-06-27 11:00:00+03:00,13.5217350053,13.6662715031,0.144536497817,2024-06-27 14:00:00+03:00,13.6662715031,ATR_TRAILING_STOP,3,-1107.63004881,-1.01383733541,0.144536497817,0.0269731053878,1,0.186617953217,-0.144536497817,-1.01383733541,7663.32425056,15.3266485011,-1122.95669732,0.001,144.536497817,0.0138373354149,T3_MTF_Trend_v1.0,0.144536497817,-1.02767467083,WF02,FLAT
Si-000012,T3_MTF_Trend_v1.0,Si,SHORT,2024-06-27 11:00:00+03:00,104499.251872,105420.453747,921.201874795,2024-06-27 14:00:00+03:00,105420.453747,ATR_TRAILING_STOP,3,-1027.55792852,-1.00000217108,921.201874795,371.734028406,1,0.403531558692,-921.201874795,-1.00000217108,1.11545357932,0.00223090715865,-1027.56015943,0.001,921201.874795,2.17107677994e-06,T3_MTF_Trend_v1.0,921.201874795,-1.00000434215,WF02,FLAT
Si-000001,T3_MTF_Trend_v1.0,Si,LONG,2024-08-19 14:00:00+03:00,109596.083551,108916.771171,679.312379786,2024-08-20 12:00:00+03:00,108916.771171,ATR_TRAILING_STOP,13,-1000,-1.00000294415,679.312379786,39.5198967076,1,0.058176323417,-679.312379786,-1.00000294415,1.47207680848,0.00294415361697,-1000.00294415,0.001,679312.379786,2.94415361697e-06,T3_MTF_Trend_v1.0,679.312379786,-1.00000588831,WF03,FLAT
Si-000002,T3_MTF_Trend_v1.0,Si,LONG,2024-08-20 14:00:00+03:00,109791.213041,109173.831618,617.381422856,2024-08-21 17:00:00+03:00,109883.539401,ATR_TRAILING_STOP,18,148.049634655,0.149541850469,25.9349322144,800.277908329,0.0420079569197,1.29624552781,92.3263604192,0.149541850469,1.60354674421,0.00320709348842,148.046427562,0.001,617381.422856,3.23948846848e-06,T3_MTF_Trend_v1.0,617.381422856,0.149538610981,WF03,FLAT
BR-000001,T3_MTF_Trend_v1.0,BR,SHORT,2024-08-21 20:00:00+03:00,54.0789620378,54.7496530513,0.670691013443,2024-08-22 18:00:00+03:00,54.5622554423,ATR_TRAILING_STOP,13,-720.590249072,-0.723572248175,0.483293404428,0.346524014627,0.720590249072,0.51666715027,-0.483293404428,-0.723572248175,1490.99955114,2.98199910229,-723.572248175,0.001,670.691013443,0.00298199910229,T3_MTF_Trend_v1.0,0.670691013443,-0.726554247277,WF03,FLAT
CNY-000001,T3_MTF_Trend_v1.0,CNY,SHORT,2024-08-23 12:00:00+03:00,13.8078844712,13.916664457,0.108779985806,2024-08-23 14:00:00+03:00,13.916664457,ATR_TRAILING_STOP,2,-1000,-1.01838573507,0.108779985806,0.0480824922131,1,0.442015981681,-0.108779985806,-1.01838573507,9192.86753527,18.3857350705,-1018.38573507,0.001,108.779985806,0.0183857350705,T3_MTF_Trend_v1.0,0.108779985806,-1.03677147014,WF03,FLAT
MIX-000001,T3_MTF_Trend_v1.0,MIX,SHORT,2024-08-23 11:00:00+03:00,361219.658397,365146.971199,3927.31280121,2024-08-26 10:00:00+03:00,364184.255266,ATR_TRAILING_STOP,14,-754.866499862,-0.754867009116,3293.99652013,6093.89356224,0.838740555403,1.55167002749,-2964.59686812,-0.754867009116,0.254627031412,0.000509254062824,-754.867009116,0.001,3927312.80121,5.09254062824e-07,T3_MTF_Trend_v1.0,3927.31280121,-0.75486751837,WF03,FLAT
CNY-000002,T3_MTF_Trend_v1.0,CNY,SHORT,2024-08-26 12:00:00+03:00,13.7504200292,13.8634594711,0.113039441851,2024-08-27 11:00:00+03:00,13.831304512,ATR_TRAILING_STOP,14,-708.255149352,-0.733235067764,0.0856102910136,0.038700542513,0.757348847551,0.34236317766,-0.0808844828056,-0.733235067764,8756.3785387,17.5127570774,-725.767906429,0.001,113.039441851,0.0176929394489,T3_MTF_Trend_v1.0,0.113039441851,-0.750928007213,WF03,FLAT
MIX-000002,T3_MTF_Trend_v1.0,MIX,SHORT,2024-08-27 17:00:00+03:00,364875.994535,369106.660008,4230.66547328,2024-08-28 17:00:00+03:00,361504.191748,ATR_TRAILING_STOP,15,790.97489064,0.796990640883,1350.53857325,9124.37036076,0.319226037082,2.15672225053,3371.80278691,0.796990640883,0.234585158334,0.000469170316669,790.974421469,0.001,4230665.47328,4.72738866411e-07,T3_MTF_Trend_v1.0,4230.66547328,0.796990168144,WF03,FLAT
NG-000001,T3_MTF_Trend_v1.0,NG,SHORT,2024-08-23 11:00:00+03:00,2.54165354015,2.60020633108,0.058552790926,2024-08-28 18:00:00+03:00,2.36405952661,ATR_TRAILING_STOP,52,3033.05804442,2.99890083401,0.0161493137937,0.241443887356,0.275807754649,4.12352483182,0.177594013542,2.99890083401,17078.6052071,34.1572104142,2998.90083401,0.001,58.552790926,0.0341572104142,T3_MTF_Trend_v1.0,0.058552790926,2.96474362359,WF03,FLAT
BR-000002,T3_MTF_Trend_v1.0,BR,SHORT,2024-08-27 20:00:00+03:00,56.3136883362,56.891525145,0.577836808772,2024-08-28 19:00:00+03:00,56.1477385332,ATR_TRAILING_STOP,14,285.113433155,0.283730286102,0.275804827969,1.04664396255,0.477305744082,1.81131410575,0.165949803073,0.283730286102,1718.07033136,3.43614066272,281.677292492,0.001,577.836808772,0.00346118483565,T3_MTF_Trend_v1.0,0.577836808772,0.280269101266,WF03,FLAT
MIX-000003,T3_MTF_Trend_v1.0,MIX,SHORT,2024-08-30 13:00:00+03:00,356904.522956,361619.136916,4714.61395973,2024-09-03 11:00:00+03:00,341921.439692,ATR_TRAILING_STOP,28,3179.15600204,3.17800808119,592.919373624,21674.4971025,0.125762019688,4.59730049748,14983.0832637,3.17800808119,0.21218302976,0.00042436605952,3179.15557767,0.001,4714613.95973,4.24212887224e-07,T3_MTF_Trend_v1.0,4714.61395973,3.17800765698,WF03,FLAT
NG-000002,T3_MTF_Trend_v1.0,NG,SHORT,2024-09-05 10:00:00+03:00,2.40766470227,2.46331126045,0.055646558179,2024-09-05 16:00:00+03:00,2.46331126045,ATR_TRAILING_STOP,6,-1029.98900834,-1.03594112674,0.055646558179,0.00783526402412,1,0.140804108655,-0.055646558179,-1.03594112674,18509.4827433,37.0189654867,-1067.00797383,0.001,55.646558179,0.0359411267372,T3_MTF_Trend_v1.0,0.055646558179,-1.07188225347,WF03,FLAT
NG-000003,T3_MTF_Trend_v1.0,NG,SHORT,2024-09-09 10:00:00+03:00,2.48377869565,2.54695912623,0.0631804305869,2024-09-10 15:00:00+03:00,2.48950245251,ATR_TRAILING_STOP,20,-92.3440005911,-0.122249196427,0.0447729372807,0.0705173762171,0.708651980761,1.1161268697,-0.00572375686917,-0.122249196427,16133.4596668,32.2669193335,-124.610919925,0.001,63.1804305869,0.0316553714722,T3_MTF_Trend_v1.0,0.0631804305869,-0.153904567899,WF03,FLAT
CNY-000003,T3_MTF_Trend_v1.0,CNY,LONG,2024-09-06 16:00:00+03:00,14.554922216,14.4434686603,0.111453555744,2024-09-10 18:00:00+03:00,14.6938918614,ATR_TRAILING_STOP,32,1225.13633906,1.22893921577,0.0199366431128,0.265040079028,0.178878484223,2.37803161378,0.138969645391,1.22893921577,8815.85569005,17.6317113801,1207.50462768,0.001,111.453555744,0.0179446944213,T3_MTF_Trend_v1.0,0.111453555744,1.21099452134,WF03,FLAT
BR-000003,T3_MTF_Trend_v1.0,BR,SHORT,2024-09-06 20:00:00+03:00,51.7120698454,52.6011229485,0.889053103088,2024-09-11 13:00:00+03:00,51.2120178239,ATR_TRAILING_STOP,38,559.969157253,0.560205031418,0.795792904728,1.64946165707,0.895101655867,1.85530161398,0.500052021548,0.560205031418,1119.82180478,2.23964360955,557.729513643,0.001,889.053103088,0.00224958440958,T3_MTF_Trend_v1.0,0.889053103088,0.557955447009,WF03,FLAT
NG-000004,T3_MTF_Trend_v1.0,NG,LONG,2024-09-13 16:00:00+03:00,2.67966029625,2.62583428336,0.0538260128905,2024-09-13 18:00:00+03:00,2.62583428336,ATR_TRAILING_STOP,2,-1018.0728194,-1.03715675549,0.0538260128905,0.0134318811842,1,0.249542562469,-0.0538260128905,-1.03715675549,18914.141411,37.828282822,-1055.90110222,0.001,53.8260128905,0.0371567554905,T3_MTF_Trend_v1.0,0.0538260128905,-1.07431351098,WF03,FLAT
GD-000001,T3_MTF_Trend_v1.0,GD,LONG,2024-09-13 20:00:00+03:00,2615.27035691,2602.00233497,13.2680219364,2024-09-17 13:00:00+03:00,2604.55703139,ATR_TRAILING_STOP,23,-807.454612859,-0.807605351229,10.7133255161,3.63821519625,0.807454612859,0.274209314221,-10.7133255161,-0.807605351229,75.3691850067,0.150738370013,-807.605351229,0.001,13268.0219364,0.000150738370013,T3_MTF_Trend_v1.0,13.2680219364,-0.807756089599,WF03,FLAT
Si-000003,T3_MTF_Trend_v1.0,Si,LONG,2024-09-20 14:00:00+03:00,115977.533621,115289.875294,687.658327061,2024-09-23 15:00:00+03:00,115409.13108,ATR_TRAILING_STOP,16,-819.534900621,-0.826579885463,568.40254122,229.033945769,0.826576977041,0.333063582242,-568.40254122,-0.826579885463,1.44182131709,0.00288364263419,-819.537784264,0.001,687658.327061,2.90842111743e-06,T3_MTF_Trend_v1.0,687.658327061,-0.826582793884,WF03,FLAT
CNY-000004,T3_MTF_Trend_v1.0,CNY,LONG,2024-09-20 11:00:00+03:00,15.7357550411,15.6074209231,0.128334117978,2024-09-24 14:00:00+03:00,15.9708595011,ATR_TRAILING_STOP,33,1822.14034723,1.81638728448,0.0233998079189,0.379323202054,0.182335050784,2.95574713902,0.235104460062,1.81638728448,7750.34359942,15.5006871988,1806.63966004,0.001,128.334117978,0.0155843203,T3_MTF_Trend_v1.0,0.128334117978,1.80080296418,WF03,FLAT
NG-000005,T3_MTF_Trend_v1.0,NG,LONG,2024-09-23 16:00:00+03:00,2.79047331602,2.73319464668,0.0572786693356,2024-09-24 16:00:00+03:00,2.90385538746,ATR_TRAILING_STOP,15,1994.35503516,1.94456457753,0.0145512046162,0.201478217763,0.254042295064,3.51750870088,0.113382071438,1.94456457753,17589.6860047,35.1793720094,1959.17566315,0.001,57.2786693356,0.03491701227,T3_MTF_Trend_v1.0,0.0572786693356,1.90964756526,WF03,FLAT
NG-000006,T3_MTF_Trend_v1.0,NG,LONG,2024-09-26 13:00:00+03:00,2.97026218072,2.91140908691,0.0588530938055,2024-09-26 17:00:00+03:00,2.91140908691,ATR_TRAILING_STOP,4,-1027.10556501,-1.03398292036,0.0588530938055,0,1,0,-0.0588530938055,-1.03398292036,17452.0233109,34.9040466218,-1062.00961163,0.001,58.8530938055,0.0339829203645,T3_MTF_Trend_v1.0,0.0588530938055,-1.06796584073,WF03,FLAT
CNY-000005,T3_MTF_Trend_v1.0,CNY,LONG,2024-09-26 12:00:00+03:00,15.9783741021,15.8768511514,0.10152295076,2024-09-30 12:00:00+03:00,16.2453658459,ATR_TRAILING_STOP,30,2663.26492582,2.61016589618,0.083746680973,0.390407321595,0.824903929077,3.84550802231,0.266991743752,2.61016589618,9975.08345538,19.9501669108,2643.31475891,0.001,101.52295076,0.0196999790199,T3_MTF_Trend_v1.0,0.10152295076,2.59046591716,WF03,FLAT
Si-000004,T3_MTF_Trend_v1.0,Si,LONG,2024-09-26 12:00:00+03:00,115408.077635,114881.761713,526.315922512,2024-09-30 13:00:00+03:00,115886.990346,ATR_TRAILING_STOP,30,894.724426593,0.909930120212,381.723242949,1058.81266733,0.725273978274,2.01174355941,478.912710641,0.909930120212,1.86824113604,0.00373648227209,894.720690111,0.001,526315.922512,3.79999903946e-06,T3_MTF_Trend_v1.0,526.315922512,0.909926320213,WF03,FLAT
NG-000007,T3_MTF_Trend_v1.0,NG,LONG,2024-09-28 00:00:00+03:00,3.03566816373,2.97966178024,0.0560063834883,2024-09-30 16:00:00+03:00,2.97966178024,ATR_TRAILING_STOP,7,-1016.4854689,-1.03571021508,0.0560063834883,0.00519095103237,1,0.0926849889076,-0.0560063834883,-1.03571021508,18149.457358,36.298914716,-1052.78438361,0.001,56.0063834883,0.0357102150761,T3_MTF_Trend_v1.0,0.0560063834883,-1.07142043015,WF03,FLAT
MIX-000001,T3_MTF_Trend_v1.0,MIX,SHORT,2024-11-20 17:00:00+03:00,330906.812741,335397.802401,4490.98965989,2024-11-21 23:00:00+03:00,330137.519615,ATR_TRAILING_STOP,21,171.297015703,0.171296570366,567.485006606,8985.17927127,0.12636079118,2.00071252702,769.293126289,0.171296570366,0.22266807001,0.000445336140019,171.296570366,0.001,4490989.65989,4.45336140019e-07,T3_MTF_Trend_v1.0,4490.98965989,0.17129612503,WF04,FLAT
CNY-000001,T3_MTF_Trend_v1.0,CNY,LONG,2024-11-22 12:00:00+03:00,17.232111179,17.1345642283,0.0975469507199,2024-11-25 19:00:00+03:00,17.6440834819,ATR_TRAILING_STOP,22,4223.32322856,4.20282028115,0.038178633973,0.607163437054,0.391387262146,6.22432000768,0.41197230285,4.20282028115,10251.4737018,20.5029474037,4202.82028115,0.001,97.5469507199,0.0205029474037,T3_MTF_Trend_v1.0,0.0975469507199,4.18231733375,WF04,FLAT
Si-000001,T3_MTF_Trend_v1.0,Si,LONG,2024-11-22 12:00:00+03:00,128110.074989,127376.950624,733.124364101,2024-11-26 12:00:00+03:00,131514.304131,ATR_TRAILING_STOP,30,4643.45383832,4.64345111027,170.211019807,4832.24079025,0.232172095406,6.59129750268,3404.22914245,4.64345111027,1.36402505355,0.0027280501071,4643.45111027,0.001,733124.364101,2.7280501071e-06,T3_MTF_Trend_v1.0,733.124364101,4.64344838222,WF04,FLAT
GD-000001,T3_MTF_Trend_v1.0,GD,SHORT,2024-11-25 18:00:00+03:00,2591.4096225,2614.87839177,23.4687692659,2024-11-26 17:00:00+03:00,2590.9279115,ATR_TRAILING_STOP,14,20.525618368,0.0204403987309,0.0974104282413,30.4894640395,0.0041506406722,1.2991505304,0.481711001518,0.0204403987309,42.6098185496,0.0852196370991,20.4403987309,0.001,23468.7692659,8.52196370991e-05,T3_MTF_Trend_v1.0,23.4687692659,0.0203551790938,WF04,FLAT
NG-000001,T3_MTF_Trend_v1.0,NG,LONG,2024-11-25 19:00:00+03:00,2.86621313753,2.76626414088,0.0999489966515,2024-11-26 20:00:00+03:00,2.8060461394,ATR_TRAILING_STOP,16,-601.977009757,-0.621987215632,0.0755149831317,0.038596546934,0.755535179557,0.386162425107,-0.0601669981325,-0.621987215632,10005.1029375,20.010205875,-621.987215632,0.001,99.9489966515,0.020010205875,T3_MTF_Trend_v1.0,0.0999489966515,-0.641997421507,WF04,FLAT
MIX-000002,T3_MTF_Trend_v1.0,MIX,SHORT,2024-11-25 16:00:00+03:00,320975.825125,325462.699334,4486.87420854,2024-11-27 13:00:00+03:00,313286.203022,ATR_TRAILING_STOP,27,1716.73949479,1.7138033619,567.485006606,14723.083227,0.126476691842,3.28136750501,7689.62210302,1.7138033619,0.223254078262,0.000446508156524,1716.73904828,0.001,4486874.20854,4.45744611292e-07,T3_MTF_Trend_v1.0,4486.87420854,1.71380291616,WF04,FLAT
CNY-000002,T3_MTF_Trend_v1.0,CNY,LONG,2024-11-25 22:00:00+03:00,17.862674424,17.7260252271,0.136649196866,2024-11-27 17:00:00+03:00,18.3281836092,ATR_TRAILING_STOP,25,3549.77351331,3.39196421079,0.0948308005135,0.720467770135,0.693972615196,5.27238934921,0.465509185204,3.39196421079,7625.57136602,15.251142732,3534.52237057,0.001,136.649196866,0.0146360172315,T3_MTF_Trend_v1.0,0.136649196866,3.37732819356,WF04,FLAT
Si-000002,T3_MTF_Trend_v1.0,Si,LONG,2024-11-26 18:00:00+03:00,133484.237629,132357.140206,1127.09742239,2024-11-27 17:00:00+03:00,135985.175915,ATR_TRAILING_STOP,14,2321.95379088,2.21891758096,66.33223566,4541.88081529,0.0588522645358,4.02971449057,2500.938286,2.21891758096,0.928433062055,0.00185686612411,2321.95193401,0.001,1127097.42239,1.77446950039e-06,T3_MTF_Trend_v1.0,1127.09742239,2.2189158065,WF04,FLAT
CNY-000003,T3_MTF_Trend_v1.0,CNY,SHORT,2024-12-06 17:00:00+03:00,16.594158521,16.8137382268,0.219579705782,2024-12-09 16:00:00+03:00,16.8040185792,ATR_TRAILING_STOP,14,-1029.68372766,-0.96484352879,0.21675611546,0.0714309925946,0.987140932206,0.325307807204,-0.209860058178,-0.96484352879,4906.52550371,9.81305100741,-1039.49677867,0.001,219.579705782,0.00910830986349,T3_MTF_Trend_v1.0,0.219579705782,-0.973951838654,WF04,FLAT
Si-000003,T3_MTF_Trend_v1.0,Si,LONG,2024-12-11 11:00:00+03:00,128673.273216,127303.131333,1370.14188313,2024-12-12 12:00:00+03:00,129298.873331,ATR_TRAILING_STOP,16,488.398824223,0.45659367323,339.170487997,2384.20582891,0.247544062533,1.74011601153,625.600115268,0.45659367323,0.780688513802,0.0015613770276,488.397262846,0.001,1370141.88313,1.45970284145e-06,T3_MTF_Trend_v1.0,1370.14188313,0.456592213528,WF04,FLAT
NG-000002,T3_MTF_Trend_v1.0,NG,LONG,2024-12-25 20:00:00+03:00,3.35061071609,3.26805794537,0.0825527707217,2024-12-26 10:00:00+03:00,3.14289091429,ATR_TRAILING_STOP,5,-2500.5558189,-2.54043322802,0.207719801806,0.00328410753844,2.51620630041,0.039781917793,-0.207719801806,-2.54043322802,12038.1196071,24.0762392142,-2524.63205812,0.001,82.5527707217,0.0242269276066,T3_MTF_Trend_v1.0,0.0825527707217,-2.56466015562,WF04,FLAT
