trade_id,strategy_id,symbol,direction,pullback_time,confirmation_time,entry_time,entry_price,initial_stop,initial_risk_points,initial_risk_ticks,exit_time,exit_price,exit_reason,bars_held,gross_R,cost_R,net_R,MAE_R,MFE_R,impulse_reference_time,setup_age_bars,quantity
T2-M30-CNYRUBF-000001,T2_Trend_Pullback_Continuation_v1.0,CNYRUBF,SHORT,2023-01-23 09:30:00+03:00,2023-01-23 10:00:00+03:00,2023-01-23 10:00:00+03:00,10.09,10.1317864417,0.0417864417239,41.7864417239,2023-01-23 13:00:00+03:00,10.1317864417,INITIAL_STOP,6,-1,0.0478624146371,-1.04786241464,0.957248292742,0.239312073186,2023-01-20 23:30:00+03:00,1,23931.2073186
T2-M30-CNYRUBF-000002,T2_Trend_Pullback_Continuation_v1.0,CNYRUBF,SHORT,2023-01-23 15:00:00+03:00,2023-01-23 15:30:00+03:00,2023-01-23 15:30:00+03:00,10.12,10.141909536,0.0219095360298,21.9095360298,2023-01-23 19:30:00+03:00,10.141909536,INITIAL_STOP,8,-1,0.0912844524538,-1.09128445245,0.912844524538,0.456422262269,2023-01-23 11:00:00+03:00,1,45163.9584931
T2-M30-CNYRUBF-000003,T2_Trend_Pullback_Continuation_v1.0,CNYRUBF,LONG,2023-01-25 15:00:00+03:00,2023-01-25 16:30:00+03:00,2023-01-25 16:30:00+03:00,10.19,10.1480445247,0.0419554753233,41.9554753233,2023-01-26 12:00:00+03:00,10.2439452175,ATR_TRAILING_STOP,21,1.28577300292,0.0476695826847,1.23810342023,0,2.86017496108,2023-01-25 14:00:00+03:00,3,23327.6556965
T2-M30-CNYRUBF-000004,T2_Trend_Pullback_Continuation_v1.0,CNYRUBF,LONG,2023-01-26 12:30:00+03:00,2023-01-26 13:00:00+03:00,2023-01-26 13:00:00+03:00,10.26,10.2073212785,0.0526787215399,52.6787215399,2023-01-27 10:30:00+03:00,10.24,EMA50_TREND_LOSS,25,-0.379659935081,0.0379659935081,-0.41762592859,0.759319870163,0.759319870163,2023-01-26 11:30:00+03:00,1,18809.1216994
T2-M30-CNYRUBF-000005,T2_Trend_Pullback_Continuation_v1.0,CNYRUBF,LONG,2023-02-09 14:00:00+03:00,2023-02-09 14:30:00+03:00,2023-02-09 14:30:00+03:00,10.76,10.7169460618,0.0430539381664,43.0539381664,2023-02-10 09:30:00+03:00,10.7283542517,ATR_TRAILING_STOP,20,-0.735025636983,0.0464533579314,-0.781478994915,0.69680036897,0.69680036897,2023-02-09 13:30:00+03:00,1,22917.8216828
T2-M30-CNYRUBF-000006,T2_Trend_Pullback_Continuation_v1.0,CNYRUBF,LONG,2023-02-10 13:00:00+03:00,2023-02-10 13:30:00+03:00,2023-02-10 13:30:00+03:00,10.73,10.6873205978,0.0426794022093,42.6794022093,2023-02-10 23:00:00+03:00,10.7328588002,ATR_TRAILING_STOP,19,0.0669831362338,0.0468610124902,0.0201221237437,0.468610124902,1.64013543716,2023-02-10 00:00:00+03:00,1,22938.2689156
T2-M30-CNYRUBF-000007,T2_Trend_Pullback_Continuation_v1.0,CNYRUBF,LONG,2023-02-13 09:30:00+03:00,2023-02-13 10:30:00+03:00,2023-02-13 10:30:00+03:00,10.78,10.7068687065,0.0731312934967,73.1312934967,2023-02-14 16:30:00+03:00,10.7999577304,ATR_TRAILING_STOP,42,0.272902739683,0.0273480736409,0.245554666042,0.273480736409,1.09392294563,2023-02-10 22:30:00+03:00,2,13389.460956
T2-M30-CNYRUBF-000008,T2_Trend_Pullback_Continuation_v1.0,CNYRUBF,LONG,2023-03-03 12:30:00+03:00,2023-03-03 13:00:00+03:00,2023-03-03 13:00:00+03:00,10.92,10.8877924886,0.0322075113965,32.2075113965,2023-03-06 11:00:00+03:00,10.9296106916,ATR_TRAILING_STOP,26,0.298399076138,0.0620973156038,0.236301760534,0.620973156038,1.86291946811,2023-03-03 12:00:00+03:00,1,30477.146469
T2-M30-CNYRUBF-000009,T2_Trend_Pullback_Continuation_v1.0,CNYRUBF,SHORT,2023-03-09 18:30:00+03:00,2023-03-09 19:30:00+03:00,2023-03-09 19:30:00+03:00,10.85,10.8719498928,0.0219498928169,21.9498928169,2023-03-09 22:30:00+03:00,10.8719498928,INITIAL_STOP,6,-1,0.0911166180485,-1.09111661805,0.911166180485,0,2023-03-09 17:30:00+03:00,2,44825.3926376
T2-M30-CNYRUBF-000010,T2_Trend_Pullback_Continuation_v1.0,CNYRUBF,LONG,2023-03-16 11:30:00+03:00,2023-03-16 12:30:00+03:00,2023-03-16 12:30:00+03:00,11.04,11.0068221575,0.0331778425121,33.1778425121,2023-03-20 09:30:00+03:00,11.1818615085,ATR_TRAILING_STOP,54,4.27579064187,0.0602811951763,4.21550944669,0.301405975882,6.6309314694,2023-03-16 11:00:00+03:00,2,29332.1342406
T2-M30-CNYRUBF-000011,T2_Trend_Pullback_Continuation_v1.0,CNYRUBF,LONG,2023-03-20 10:00:00+03:00,2023-03-20 10:30:00+03:00,2023-03-20 10:30:00+03:00,11.24,11.1667130677,0.0732869322857,73.2869322857,2023-03-20 13:00:00+03:00,11.2131741412,ATR_TRAILING_STOP,5,-0.366038772934,0.0272899947866,-0.393328767721,0,1.09159979146,2023-03-18 00:00:00+03:00,1,13838.7740376
T2-M30-CNYRUBF-000012,T2_Trend_Pullback_Continuation_v1.0,CNYRUBF,LONG,2023-04-04 17:30:00+03:00,2023-04-04 18:30:00+03:00,2023-04-04 18:30:00+03:00,11.53,11.4568092594,0.0731907405598,73.1907405598,2023-04-06 16:30:00+03:00,11.6965944832,ATR_TRAILING_STOP,56,2.27616884166,0.0273258609587,2.2488429807,0.273258609587,3.55236192463,2023-04-04 14:30:00+03:00,2,13802.4583797
T2-M30-CNYRUBF-000013,T2_Trend_Pullback_Continuation_v1.0,CNYRUBF,LONG,2023-04-14 09:30:00+03:00,2023-04-14 11:00:00+03:00,2023-04-14 11:00:00+03:00,11.9,11.8576826373,0.0423173626546,42.3173626546,2023-04-14 15:00:00+03:00,11.87,EMA50_TREND_LOSS,8,-0.708928867917,0.0472619245278,-0.756190792445,0.708928867917,0,2023-04-14 00:00:00+03:00,3,24409.1354137
T2-M30-CNYRUBF-000014,T2_Trend_Pullback_Continuation_v1.0,CNYRUBF,SHORT,2023-04-28 11:00:00+03:00,2023-04-28 11:30:00+03:00,2023-04-28 11:30:00+03:00,11.7,11.7623411925,0.062341192468,62.341192468,2023-04-28 17:00:00+03:00,11.521328332,ATR_TRAILING_STOP,11,2.86602903982,0.0320815165836,2.83394752323,0.160407582918,4.81222748753,2023-04-27 21:00:00+03:00,1,16443.6911049
T2-M30-CNYRUBF-000015,T2_Trend_Pullback_Continuation_v1.0,CNYRUBF,LONG,2023-05-16 13:30:00+03:00,2023-05-16 15:00:00+03:00,2023-05-16 15:00:00+03:00,11.49,11.4362306069,0.0537693931398,53.7693931398,2023-05-17 16:00:00+03:00,11.4753182798,ATR_TRAILING_STOP,32,-0.273049766378,0.0371958819546,-0.310245648333,0.371958819546,1.30185586841,2023-05-16 13:00:00+03:00,3,19605.4036293
T2-M30-CNYRUBF-000016,T2_Trend_Pullback_Continuation_v1.0,CNYRUBF,LONG,2023-05-30 11:30:00+03:00,2023-05-30 12:30:00+03:00,2023-05-30 12:30:00+03:00,11.4,11.3369562257,0.0630437743331,63.0437743331,2023-05-31 09:30:00+03:00,11.3893198234,ATR_TRAILING_STOP,24,-0.169408902538,0.0317239889451,-0.201132891483,0.317239889451,1.11033961308,2023-05-30 10:00:00+03:00,2,16669.3721615
T2-M30-CNYRUBF-000017,T2_Trend_Pullback_Continuation_v1.0,CNYRUBF,LONG,2023-06-14 15:00:00+03:00,2023-06-14 16:30:00+03:00,2023-06-14 16:30:00+03:00,11.75,11.6863199741,0.0636800258891,63.6800258891,2023-06-15 12:30:00+03:00,11.7366127024,ATR_TRAILING_STOP,22,-0.210227577666,0.0314070224073,-0.241634600074,0.314070224073,1.09924578426,2023-06-14 12:30:00+03:00,3,16469.6294693
T2-M30-CNYRUBF-000018,T2_Trend_Pullback_Continuation_v1.0,CNYRUBF,LONG,2023-06-28 13:00:00+03:00,2023-06-28 14:30:00+03:00,2023-06-28 14:30:00+03:00,11.83,11.7876253278,0.0423746721872,42.3746721872,2023-06-29 21:30:00+03:00,12.09,ATR_TRAILING_STOP,44,6.13574068141,0.0471980052416,6.08854267616,0.235990026208,10.8555412056,2023-06-27 23:30:00+03:00,3,24690.508412
T2-M30-CNYRUBF-000019,T2_Trend_Pullback_Continuation_v1.0,CNYRUBF,LONG,2023-06-30 12:00:00+03:00,2023-06-30 13:00:00+03:00,2023-06-30 13:00:00+03:00,12.13,12.0652596809,0.0647403190866,64.7403190866,2023-07-03 09:30:00+03:00,12.2494589815,ATR_TRAILING_STOP,23,1.84520223465,0.0308926497153,1.81430958494,0,3.55265471726,2023-06-30 11:00:00+03:00,2,17144.7056094
T2-M30-CNYRUBF-000020,T2_Trend_Pullback_Continuation_v1.0,CNYRUBF,LONG,2023-07-04 18:30:00+03:00,2023-07-04 19:00:00+03:00,2023-07-04 19:00:00+03:00,12.37,12.2550193534,0.114980646614,114.980646614,2023-07-04 19:30:00+03:00,12.2550193534,INITIAL_STOP,1,-1,0.0173942316286,-1.01739423163,0,0,2023-07-04 16:30:00+03:00,1,9828.53846853
T2-M30-CNYRUBF-000021,T2_Trend_Pullback_Continuation_v1.0,CNYRUBF,LONG,2023-08-03 12:30:00+03:00,2023-08-03 13:30:00+03:00,2023-08-03 13:30:00+03:00,13.08,12.9858068416,0.0941931584094,94.1931584094,2023-08-03 16:00:00+03:00,13.0435570096,ATR_TRAILING_STOP,5,-0.386896363111,0.0212329646205,-0.408129327731,0.106164823103,1.06164823103,2023-08-03 09:00:00+03:00,2,11875.5357546
T2-M30-CNYRUBF-000022,T2_Trend_Pullback_Continuation_v1.0,CNYRUBF,LONG,2023-08-03 16:30:00+03:00,2023-08-03 17:30:00+03:00,2023-08-03 17:30:00+03:00,13.14,13.0448916265,0.0951083734636,95.1083734636,2023-08-07 09:30:00+03:00,13.3,ATR_TRAILING_STOP,46,1.68229141319,0.0210286426648,1.66126277052,0.420572853297,2.6285803331,2023-08-03 15:30:00+03:00,2,11713.2579276
T2-M30-CNYRUBF-000023,T2_Trend_Pullback_Continuation_v1.0,CNYRUBF,LONG,2023-08-07 15:30:00+03:00,2023-08-07 16:00:00+03:00,2023-08-07 16:00:00+03:00,13.41,13.3456307833,0.0643692166707,64.3692166707,2023-08-07 17:00:00+03:00,13.3456307833,INITIAL_STOP,2,-1,0.0310707525032,-1.0310707525,0.466061287548,0.310707525032,2023-08-07 15:00:00+03:00,1,17594.3706566
T2-M30-CNYRUBF-000024,T2_Trend_Pullback_Continuation_v1.0,CNYRUBF,LONG,2023-08-08 14:30:00+03:00,2023-08-08 15:30:00+03:00,2023-08-08 15:30:00+03:00,13.33,13.2555593858,0.0744406142189,74.4406142189,2023-08-09 18:30:00+03:00,13.4546390528,ATR_TRAILING_STOP,37,1.67434208002,0.026867053973,1.64747502605,0.134335269865,3.35838174662,2023-08-08 10:30:00+03:00,2,15057.0843988
T2-M30-CNYRUBF-000025,T2_Trend_Pullback_Continuation_v1.0,CNYRUBF,SHORT,2023-08-17 10:30:00+03:00,2023-08-17 11:30:00+03:00,2023-08-17 11:30:00+03:00,12.83,13.0167395323,0.186739532265,186.739532265,2023-08-17 17:30:00+03:00,12.8441223068,ATR_TRAILING_STOP,12,-0.0756256941755,0.0107101050096,-0.0863357991851,0.0535505250479,1.01745997591,2023-08-17 09:00:00+03:00,2,6101.14239266
T2-M30-CNYRUBF-000026,T2_Trend_Pullback_Continuation_v1.0,CNYRUBF,LONG,2023-08-28 16:00:00+03:00,2023-08-28 17:30:00+03:00,2023-08-28 17:30:00+03:00,13.07,13.0171255495,0.0528744504918,52.8744504918,2023-08-29 18:30:00+03:00,13.0913071755,ATR_TRAILING_STOP,33,0.402976773501,0.0378254522061,0.365151321295,0.378254522061,2.08039987134,2023-08-28 11:00:00+03:00,3,21529.1283637
T2-M30-CNYRUBF-000027,T2_Trend_Pullback_Continuation_v1.0,CNYRUBF,LONG,2023-08-29 19:00:00+03:00,2023-08-29 20:30:00+03:00,2023-08-29 20:30:00+03:00,13.12,13.0769959525,0.0430040474766,43.0040474766,2023-08-31 15:30:00+03:00,13.1698084657,ATR_TRAILING_STOP,52,1.15822738965,0.0465072503021,1.11172013934,0.232536251511,2.55789876662,2023-08-29 16:30:00+03:00,3,26567.2085635
T2-M30-CNYRUBF-000028,T2_Trend_Pullback_Continuation_v1.0,CNYRUBF,LONG,2023-09-01 17:00:00+03:00,2023-09-01 18:30:00+03:00,2023-09-01 18:30:00+03:00,13.26,13.2065712791,0.0534287208651,53.4287208651,2023-09-06 09:30:00+03:00,13.3621237386,ATR_TRAILING_STOP,74,1.91140152546,0.0374330503822,1.87396847508,0,2.80747877867,2023-09-01 16:00:00+03:00,3,21621.3088104
T2-M30-CNYRUBF-000029,T2_Trend_Pullback_Continuation_v1.0,CNYRUBF,SHORT,2023-09-12 11:30:00+03:00,2023-09-12 13:00:00+03:00,2023-09-12 13:00:00+03:00,12.96,13.0444819214,0.0844819213942,84.4819213942,2023-09-12 17:00:00+03:00,12.9925415958,ATR_TRAILING_STOP,8,-0.38519005296,0.0236737039948,-0.408863756955,0.118368519974,1.18368519974,2023-09-12 10:30:00+03:00,3,13930.1630035
T2-M30-CNYRUBF-000030,T2_Trend_Pullback_Continuation_v1.0,CNYRUBF,SHORT,2023-09-12 17:30:00+03:00,2023-09-12 18:30:00+03:00,2023-09-12 18:30:00+03:00,12.97,13.014397048,0.0443970479605,44.3970479605,2023-09-12 19:30:00+03:00,13.014397048,INITIAL_STOP,2,-1,0.0450480401711,-1.04504804017,0.900960803421,0.450480401711,2023-09-12 16:00:00+03:00,2,26398.9451804
T2-M30-CNYRUBF-000031,T2_Trend_Pullback_Continuation_v1.0,CNYRUBF,LONG,2023-09-29 10:30:00+03:00,2023-09-29 12:00:00+03:00,2023-09-29 12:00:00+03:00,13.347,13.3052221944,0.0417778055766,41.7778055766,2023-10-02 10:30:00+03:00,13.4821910166,ATR_TRAILING_STOP,27,3.23595303036,0.0478723085715,3.18808072179,0.0718084628572,4.49999700572,2023-09-29 10:00:00+03:00,3,27760.8382733
T2-M30-CNYRUBF-000032,T2_Trend_Pullback_Continuation_v1.0,CNYRUBF,LONG,2023-10-02 11:00:00+03:00,2023-10-02 12:00:00+03:00,2023-10-02 12:00:00+03:00,13.478,13.4233531535,0.0546468465147,54.6468465147,2023-10-03 09:30:00+03:00,13.5636233405,ATR_TRAILING_STOP,25,1.56684870124,0.0365986351923,1.53025006605,0.0914965879807,2.78149627461,2023-10-02 10:30:00+03:00,2,21899.9251201
T2-M30-CNYRUBF-000033,T2_Trend_Pullback_Continuation_v1.0,CNYRUBF,LONG,2023-10-04 16:30:00+03:00,2023-10-04 18:00:00+03:00,2023-10-04 18:00:00+03:00,13.641,13.5816853376,0.0593146624337,59.3146624337,2023-10-04 20:00:00+03:00,13.5816853376,INITIAL_STOP,4,-1,0.0337184756338,-1.03371847563,0.43834018324,0.151733140352,2023-10-04 16:00:00+03:00,3,20485.2433752
T2-M30-CNYRUBF-000034,T2_Trend_Pullback_Continuation_v1.0,CNYRUBF,LONG,2023-10-04 20:30:00+03:00,2023-10-04 21:30:00+03:00,2023-10-04 21:30:00+03:00,13.623,13.5985261142,0.0244738858427,24.4738858427,2023-10-05 09:30:00+03:00,13.5985261142,INITIAL_STOP,6,-1,0.0817197568403,-1.08171975684,0.694617933142,0.326879027361,2023-10-04 19:30:00+03:00,2,49134.6100729
T2-M30-CNYRUBF-000035,T2_Trend_Pullback_Continuation_v1.0,CNYRUBF,SHORT,2023-10-19 19:30:00+03:00,2023-10-19 20:30:00+03:00,2023-10-19 20:30:00+03:00,13.214,13.2662242399,0.0522242399004,52.2242399004,2023-10-23 10:00:00+03:00,13.0539786526,ATR_TRAILING_STOP,39,3.06412018076,0.038296392706,3.02582378805,0.172333767177,4.09771401954,2023-10-19 19:00:00+03:00,2,22776.913547
T2-M30-CNYRUBF-000036,T2_Trend_Pullback_Continuation_v1.0,CNYRUBF,SHORT,2023-10-25 10:30:00+03:00,2023-10-25 11:30:00+03:00,2023-10-25 11:30:00+03:00,12.708,12.7672844376,0.0592844376294,59.2844376294,2023-10-25 23:30:00+03:00,12.734,ATR_TRAILING_STOP,24,-0.43856366088,0.0337356662216,-0.472299327102,0.624109825099,0.21928183044,2023-10-25 10:00:00+03:00,2,20671.519069
T2-M30-CNYRUBF-000037,T2_Trend_Pullback_Continuation_v1.0,CNYRUBF,SHORT,2023-11-03 14:00:00+03:00,2023-11-03 14:30:00+03:00,2023-11-03 14:30:00+03:00,12.695,12.7197891113,0.0247891113206,24.7891113206,2023-11-06 09:30:00+03:00,12.6821760465,ATR_TRAILING_STOP,20,0.517322033064,0.0806805848799,0.436641448184,0.443743216839,2.50109813128,2023-11-03 13:00:00+03:00,1,49203.5128584
T2-M30-CNYRUBF-000038,T2_Trend_Pullback_Continuation_v1.0,CNYRUBF,SHORT,2023-11-09 14:30:00+03:00,2023-11-09 15:30:00+03:00,2023-11-09 15:30:00+03:00,12.619,12.6395431736,0.0205431736036,20.5431736036,2023-11-09 23:00:00+03:00,12.6240499231,ATR_TRAILING_STOP,15,-0.245820007159,0.0973559411314,-0.34317594829,0.681491587919,1.4116611464,2023-11-09 13:00:00+03:00,2,59632.3210128
T2-M30-CNYRUBF-000039,T2_Trend_Pullback_Continuation_v1.0,CNYRUBF,SHORT,2023-11-14 19:00:00+03:00,2023-11-14 19:30:00+03:00,2023-11-14 19:30:00+03:00,12.47,12.4959703438,0.0259703437898,25.9703437898,2023-11-15 15:30:00+03:00,12.337771062,ATR_TRAILING_STOP,23,5.09153590973,0.0770109173829,5.01452499235,0.731603715137,8.0861463252,2023-11-14 18:30:00+03:00,1,47008.7381233
T2-M30-CNYRUBF-000040,T2_Trend_Pullback_Continuation_v1.0,CNYRUBF,SHORT,2023-11-16 15:00:00+03:00,2023-11-16 16:00:00+03:00,2023-11-16 16:00:00+03:00,12.266,12.2941967131,0.0281967131006,28.1967131006,2023-11-16 18:30:00+03:00,12.2941967131,INITIAL_STOP,5,-1,0.0709302532129,-1.07093025321,0.673837405523,0.567442025704,2023-11-16 14:00:00+03:00,2,45468.1390002
T2-M30-CNYRUBF-000041,T2_Trend_Pullback_Continuation_v1.0,CNYRUBF,LONG,2023-12-06 16:30:00+03:00,2023-12-06 17:30:00+03:00,2023-12-06 17:30:00+03:00,12.948,12.8540302659,0.0939697341154,93.9697341154,2023-12-07 10:30:00+03:00,12.9219040485,ATR_TRAILING_STOP,17,-0.277705920462,0.0212834485361,-0.298989368998,0.266043106702,0.595936559012,2023-12-06 13:30:00+03:00,2,13497.1349984
T2-M30-CNYRUBF-000042,T2_Trend_Pullback_Continuation_v1.0,CNYRUBF,SHORT,2023-12-13 10:00:00+03:00,2023-12-13 10:30:00+03:00,2023-12-13 10:30:00+03:00,12.497,12.5543568141,0.0573568141259,57.3568141259,2023-12-13 19:30:00+03:00,12.5339566328,ATR_TRAILING_STOP,18,-0.644328549427,0.0348694401961,-0.679197989623,0.575345763235,0.540476323039,2023-12-13 09:30:00+03:00,1,22046.7272788
T2-M30-CNYRUBF-000043,T2_Trend_Pullback_Continuation_v1.0,CNYRUBF,SHORT,2023-12-28 18:00:00+03:00,2023-12-28 18:30:00+03:00,2023-12-28 18:30:00+03:00,12.652,12.693215561,0.0412155609593,41.2155609593,2023-12-28 19:30:00+03:00,12.693215561,INITIAL_STOP,2,-1,0.0485253616219,-1.04852536162,0.048525361622,0.485253616219,2023-12-28 17:30:00+03:00,1,30472.5047236
T2-M30-CNYRUBF-000044,T2_Trend_Pullback_Continuation_v1.0,CNYRUBF,SHORT,2024-01-05 10:30:00+03:00,2024-01-05 11:00:00+03:00,2024-01-05 11:00:00+03:00,12.652,12.6992431085,0.0472431084598,47.2431084598,2024-01-08 10:30:00+03:00,12.6532897611,ATR_TRAILING_STOP,30,-0.0273005120908,0.042334216888,-0.0696347289788,0.232838192884,0.825517229316,2024-01-05 00:00:00+03:00,1,26305.9005361
T2-M30-CNYRUBF-000045,T2_Trend_Pullback_Continuation_v1.0,CNYRUBF,SHORT,2024-01-15 16:00:00+03:00,2024-01-15 17:00:00+03:00,2024-01-15 17:00:00+03:00,12.141,12.1754260383,0.0344260383445,34.4260383445,2024-01-16 12:30:00+03:00,12.1636455967,ATR_TRAILING_STOP,22,-0.657804320003,0.0580955606911,-0.715899880694,0.52286004622,0.958576751403,2024-01-15 15:30:00+03:00,2,36074.6449668
T2-M30-CNYRUBF-000046,T2_Trend_Pullback_Continuation_v1.0,CNYRUBF,LONG,2024-01-25 11:00:00+03:00,2024-01-25 12:30:00+03:00,2024-01-25 12:30:00+03:00,12.328,12.3000957845,0.0279042155363,27.9042155363,2024-01-25 22:30:00+03:00,12.3603879855,ATR_TRAILING_STOP,20,1.16068432364,0.0716737583036,1.08901056533,0.501716308125,3.11780848621,2024-01-25 10:30:00+03:00,3,44187.4561126
T2-M30-CNYRUBF-000047,T2_Trend_Pullback_Continuation_v1.0,CNYRUBF,LONG,2024-01-30 16:00:00+03:00,2024-01-30 16:30:00+03:00,2024-01-30 16:30:00+03:00,12.435,12.3990231601,0.035976839934,35.976839934,2024-01-31 11:30:00+03:00,12.4466723285,ATR_TRAILING_STOP,21,0.324440072121,0.0555913194063,0.268848752715,0.500321874657,1.52876128367,2024-01-30 15:00:00+03:00,1,34645.7326276
T2-M30-CNYRUBF-000048,T2_Trend_Pullback_Continuation_v1.0,CNYRUBF,LONG,2024-01-31 12:00:00+03:00,2024-01-31 12:30:00+03:00,2024-01-31 12:30:00+03:00,12.478,12.4250587024,0.0529412975709,52.9412975709,2024-02-01 10:30:00+03:00,12.4947975112,ATR_TRAILING_STOP,27,0.317285596045,0.0377776913632,0.279507904682,0.661109598856,1.00110882112,2024-01-31 11:00:00+03:00,1,23607.185384
T2-M30-CNYRUBF-000049,T2_Trend_Pullback_Continuation_v1.0,CNYRUBF,LONG,2024-02-01 15:30:00+03:00,2024-02-01 16:00:00+03:00,2024-02-01 16:00:00+03:00,12.57,12.5309773559,0.0390226441306,39.0226441306,2024-02-02 17:30:00+03:00,12.613700127,ATR_TRAILING_STOP,34,1.11986586246,0.0512522932405,1.06861356922,0.640653665506,2.43448392892,2024-02-01 15:00:00+03:00,1,32116.9497874
T2-M30-CNYRUBF-000050,T2_Trend_Pullback_Continuation_v1.0,CNYRUBF,LONG,2024-02-02 18:30:00+03:00,2024-02-02 19:00:00+03:00,2024-02-02 19:00:00+03:00,12.609,12.5507770768,0.058222923158,58.222923158,2024-02-02 21:00:00+03:00,12.604,ATR_TRAILING_STOP,4,-0.0858768287265,0.0343507314906,-0.120227560217,0.29198121767,1.21945096792,2024-02-02 17:00:00+03:00,1,21755.7113636
T2-M30-CNYRUBF-000051,T2_Trend_Pullback_Continuation_v1.0,CNYRUBF,LONG,2024-02-16 13:00:00+03:00,2024-02-16 14:00:00+03:00,2024-02-16 14:00:00+03:00,12.75,12.7059085669,0.0440914330983,44.0914330983,2024-02-16 16:30:00+03:00,12.7435957923,ATR_TRAILING_STOP,5,-0.145248346178,0.0453602856487,-0.190608631827,0,1.49688942641,2024-02-16 12:30:00+03:00,2,28693.9689249
T2-M30-CNYRUBF-000052,T2_Trend_Pullback_Continuation_v1.0,CNYRUBF,LONG,2024-02-20 12:30:00+03:00,2024-02-20 14:00:00+03:00,2024-02-20 14:00:00+03:00,12.828,12.7833461742,0.044653825838,44.653825838,2024-02-20 21:00:00+03:00,12.7893295584,ATR_TRAILING_STOP,14,-0.866005115965,0.0447889953989,-0.910794111364,0.80620191718,0,2024-02-20 12:00:00+03:00,3,28278.5783015
T2-M30-CNYRUBF-000053,T2_Trend_Pullback_Continuation_v1.0,CNYRUBF,LONG,2024-02-21 12:00:00+03:00,2024-02-21 12:30:00+03:00,2024-02-21 12:30:00+03:00,12.824,12.8037652002,0.0202347997738,20.2347997738,2024-02-21 15:30:00+03:00,12.8037652002,INITIAL_STOP,6,-1,0.0988396239331,-1.09883962393,0.691877367532,0,2024-02-21 11:30:00+03:00,1,61836.3266121
T2-M30-CNYRUBF-000054,T2_Trend_Pullback_Continuation_v1.0,CNYRUBF,LONG,2024-02-21 16:30:00+03:00,2024-02-21 17:00:00+03:00,2024-02-21 17:00:00+03:00,12.809,12.7958317352,0.0131682648162,13.1682648162,2024-02-21 17:30:00+03:00,12.7958317352,INITIAL_STOP,1,-1,0.151880299182,-1.15188029918,0,0,2024-02-21 14:00:00+03:00,1,93975.6696573
T2-M30-CNYRUBF-000055,T2_Trend_Pullback_Continuation_v1.0,CNYRUBF,SHORT,2024-03-06 14:30:00+03:00,2024-03-06 15:30:00+03:00,2024-03-06 15:30:00+03:00,12.521,12.5647294874,0.0437294873546,43.7294873546,2024-03-06 17:00:00+03:00,12.5647294874,INITIAL_STOP,3,-1,0.0457357293897,-1.04573572939,0.914714587794,0.0228678646949,2024-03-06 14:00:00+03:00,2,27972.9331372
T2-M30-CNYRUBF-000056,T2_Trend_Pullback_Continuation_v1.0,CNYRUBF,LONG,2024-03-25 10:00:00+03:00,2024-03-25 11:00:00+03:00,2024-03-25 11:00:00+03:00,12.807,12.7684704019,0.0385295981142,38.5295981142,2024-03-25 15:00:00+03:00,12.7684704019,INITIAL_STOP,8,-1,0.0519081458901,-1.05190814589,0.752668115407,0.545035531846,2024-03-25 09:00:00+03:00,2,31416.1114109
T2-M30-CNYRUBF-000057,T2_Trend_Pullback_Continuation_v1.0,CNYRUBF,SHORT,2024-03-29 12:30:00+03:00,2024-03-29 13:30:00+03:00,2024-03-29 13:30:00+03:00,12.701,12.7178306024,0.0168306024426,16.8306024426,2024-03-30 00:00:00+03:00,12.687,ATR_TRAILING_STOP,21,0.831818115111,0.118831159302,0.71298695581,0.118831159302,3.32727246044,2024-03-29 12:00:00+03:00,2,71163.0690202
T2-M30-CNYRUBF-000058,T2_Trend_Pullback_Continuation_v1.0,CNYRUBF,LONG,2024-04-09 17:00:00+03:00,2024-04-09 18:30:00+03:00,2024-04-09 18:30:00+03:00,12.822,12.8010796312,0.0209203688457,20.9203688457,2024-04-10 11:30:00+03:00,12.8735519534,ATR_TRAILING_STOP,17,2.46419906612,0.0956006088971,2.36859845723,0.239001522243,3.82402435588,2024-04-09 16:30:00+03:00,3,57659.4466596
T2-M30-CNYRUBF-000059,T2_Trend_Pullback_Continuation_v1.0,CNYRUBF,LONG,2024-04-15 14:30:00+03:00,2024-04-15 15:30:00+03:00,2024-04-15 15:30:00+03:00,12.889,12.8790819633,0.00991803673646,9.91803673646,2024-04-15 17:30:00+03:00,12.8790819633,INITIAL_STOP,4,-1,0.201652812259,-1.20165281226,0.806611249038,0.907437655168,2024-04-15 14:00:00+03:00,2,124503.297023
T2-M30-CNYRUBF-000060,T2_Trend_Pullback_Continuation_v1.0,CNYRUBF,SHORT,2024-04-23 10:00:00+03:00,2024-04-23 10:30:00+03:00,2024-04-23 10:30:00+03:00,12.847,12.8711727946,0.0241727945657,24.1727945657,2024-04-23 16:00:00+03:00,12.8425814743,ATR_TRAILING_STOP,11,0.182789195944,0.0827376410521,0.100051554892,0.910114051573,1.82022810315,2024-04-22 22:30:00+03:00,1,50469.5442511
T2-M30-CNYRUBF-000061,T2_Trend_Pullback_Continuation_v1.0,CNYRUBF,SHORT,2024-04-25 12:30:00+03:00,2024-04-25 13:30:00+03:00,2024-04-25 13:30:00+03:00,12.699,12.7187657671,0.0197657671301,19.7657671301,2024-04-26 09:30:00+03:00,12.7031202966,ATR_TRAILING_STOP,22,-0.208456193366,0.101185043152,-0.309641236518,0.151777564728,1.21422051783,2024-04-25 11:30:00+03:00,2,61784.120791
T2-M30-CNYRUBF-000062,T2_Trend_Pullback_Continuation_v1.0,CNYRUBF,LONG,2024-04-30 17:30:00+03:00,2024-04-30 18:30:00+03:00,2024-04-30 18:30:00+03:00,12.739,12.7186059363,0.0203940636918,20.3940636918,2024-05-02 10:30:00+03:00,12.723453462,ATR_TRAILING_STOP,14,-0.762307024896,0.0980677529613,-0.860374777857,0.686474270729,0.931643653132,2024-04-30 15:00:00+03:00,2,59695.2716665
T2-M30-CNYRUBF-000063,T2_Trend_Pullback_Continuation_v1.0,CNYRUBF,SHORT,2024-05-02 17:00:00+03:00,2024-05-02 17:30:00+03:00,2024-05-02 17:30:00+03:00,12.679,12.7220766642,0.043076664158,43.076664158,2024-05-02 18:00:00+03:00,12.71,EMA50_TREND_LOSS,1,-0.719647182667,0.0464288504947,-0.766076033162,0,0,2024-05-02 16:00:00+03:00,1,28018.7600994
T2-M30-CNYRUBF-000064,T2_Trend_Pullback_Continuation_v1.0,CNYRUBF,SHORT,2024-05-02 18:30:00+03:00,2024-05-02 19:00:00+03:00,2024-05-02 19:00:00+03:00,12.688,12.7130577737,0.0250577737446,25.0577737446,2024-05-02 21:00:00+03:00,12.707,EMA50_TREND_LOSS,4,-0.758247727579,0.0798155502715,-0.83806327785,0.83806327785,0.0399077751358,2024-05-02 17:30:00+03:00,1,47797.8826173
T2-M30-CNYRUBF-000065,T2_Trend_Pullback_Continuation_v1.0,CNYRUBF,SHORT,2024-05-06 16:00:00+03:00,2024-05-06 17:30:00+03:00,2024-05-06 17:30:00+03:00,12.656,12.6900014739,0.0340014739466,34.0014739466,2024-05-07 16:30:00+03:00,12.6282433122,ATR_TRAILING_STOP,28,0.816337782178,0.0588209794417,0.757516802736,0.588209794417,2.2646077085,2024-05-06 15:30:00+03:00,3,34929.9849356
T2-M30-CNYRUBF-000066,T2_Trend_Pullback_Continuation_v1.0,CNYRUBF,SHORT,2024-05-15 15:00:00+03:00,2024-05-15 16:30:00+03:00,2024-05-15 16:30:00+03:00,12.591,12.618281431,0.027281430985,27.281430985,2024-05-16 00:00:00+03:00,12.6002495677,ATR_TRAILING_STOP,15,-0.339042614172,0.0733099374846,-0.412352551657,0.843064281073,0.989684156042,2024-05-15 14:00:00+03:00,3,43863.820068
T2-M30-CNYRUBF-000067,T2_Trend_Pullback_Continuation_v1.0,CNYRUBF,SHORT,2024-05-22 16:30:00+03:00,2024-05-22 17:30:00+03:00,2024-05-22 17:30:00+03:00,12.411,12.4468390378,0.0358390378136,35.8390378136,2024-05-23 09:30:00+03:00,12.4456789251,ATR_TRAILING_STOP,14,-0.96762991477,0.0558050696116,-1.02343498438,0.809173509368,0.0279025348058,2024-05-22 16:00:00+03:00,2,33252.3795978
T2-M30-CNYRUBF-000068,T2_Trend_Pullback_Continuation_v1.0,CNYRUBF,LONG,2024-05-31 11:00:00+03:00,2024-05-31 12:30:00+03:00,2024-05-31 12:30:00+03:00,12.417,12.3903462931,0.0266537068859,26.6537068859,2024-05-31 15:30:00+03:00,12.3903462931,INITIAL_STOP,6,-1,0.0750364671063,-1.07503646711,0.450218802638,0.150072934213,2024-05-31 10:30:00+03:00,3,44254.1324342
T2-M30-CNYRUBF-000069,T2_Trend_Pullback_Continuation_v1.0,CNYRUBF,LONG,2024-06-26 13:30:00+03:00,2024-06-26 14:00:00+03:00,2024-06-26 14:00:00+03:00,11.877,11.8179145326,0.0590854673902,59.0854673902,2024-06-26 14:30:00+03:00,11.838,EMA50_TREND_LOSS,1,-0.660060785208,0.0338492710363,-0.693910056245,0,0,2024-06-26 11:30:00+03:00,1,19748.6163102
T2-M30-CNYRUBF-000070,T2_Trend_Pullback_Continuation_v1.0,CNYRUBF,LONG,2024-07-03 14:30:00+03:00,2024-07-03 15:00:00+03:00,2024-07-03 15:00:00+03:00,11.904,11.8563817453,0.0476182546819,47.6182546819,2024-07-05 11:00:00+03:00,12.01,ATR_TRAILING_STOP,50,2.22603706726,0.0420006993822,2.18403636788,0.399006644131,3.69606154563,2024-07-03 13:30:00+03:00,1,24334.3503463
T2-M30-CNYRUBF-000071,T2_Trend_Pullback_Continuation_v1.0,CNYRUBF,LONG,2024-07-16 13:00:00+03:00,2024-07-16 13:30:00+03:00,2024-07-16 13:30:00+03:00,12.065,12.0005744832,0.0644255168122,64.4255168122,2024-07-16 19:30:00+03:00,12.03,EMA50_TREND_LOSS,12,-0.543263007141,0.0310436004081,-0.574306607549,0.698481009181,0,2024-07-16 10:00:00+03:00,1,18378.8516609
T2-M30-CNYRUBF-000072,T2_Trend_Pullback_Continuation_v1.0,CNYRUBF,SHORT,2024-07-23 18:30:00+03:00,2024-07-23 19:00:00+03:00,2024-07-23 19:00:00+03:00,11.883,11.9189878094,0.0359878093757,35.9878093757,2024-07-24 11:00:00+03:00,11.8430646393,ATR_TRAILING_STOP,13,1.10969134707,0.05557437462,1.05411697245,0.11114874924,2.47305967059,2024-07-23 18:00:00+03:00,1,32712.9342402
T2-M30-CNYRUBF-000073,T2_Trend_Pullback_Continuation_v1.0,CNYRUBF,SHORT,2024-07-26 11:30:00+03:00,2024-07-26 12:00:00+03:00,2024-07-26 12:00:00+03:00,11.711,11.7561223108,0.0451223107665,45.1223107665,2024-07-26 14:00:00+03:00,11.7561223108,INITIAL_STOP,4,-1,0.0443239711359,-1.04432397114,0.598373610335,0.199457870112,2024-07-26 10:30:00+03:00,1,26365.5958867
T2-M30-CNYRUBF-000074,T2_Trend_Pullback_Continuation_v1.0,CNYRUBF,SHORT,2024-08-01 14:30:00+03:00,2024-08-01 16:00:00+03:00,2024-08-01 16:00:00+03:00,11.753,11.7991438024,0.0461438024075,46.1438024075,2024-08-02 10:30:00+03:00,11.7852646396,ATR_TRAILING_STOP,18,-0.699219351672,0.0433427653478,-0.74256211702,0.498441801499,0.151699678717,2024-08-01 14:00:00+03:00,3,25512.6901489
T2-M30-CNYRUBF-000075,T2_Trend_Pullback_Continuation_v1.0,CNYRUBF,SHORT,2024-08-02 18:00:00+03:00,2024-08-02 19:00:00+03:00,2024-08-02 19:00:00+03:00,11.795,11.831062736,0.0360627359666,36.0627359666,2024-08-02 19:30:00+03:00,11.807,EMA50_TREND_LOSS,1,-0.332753455288,0.0554589092146,-0.388212364502,0,0,2024-08-02 15:30:00+03:00,2,32402.1644632
T2-M30-CNYRUBF-000076,T2_Trend_Pullback_Continuation_v1.0,CNYRUBF,LONG,2024-08-16 15:30:00+03:00,2024-08-16 17:00:00+03:00,2024-08-16 17:00:00+03:00,12.039,12.0147361882,0.0242638118319,24.2638118319,2024-08-20 10:30:00+03:00,12.1016350239,ATR_TRAILING_STOP,35,2.58141730961,0.0824272795165,2.4989900301,0.453350037341,4.16257761558,2024-08-16 15:00:00+03:00,3,47971.6215582
T2-M30-CNYRUBF-000077,T2_Trend_Pullback_Continuation_v1.0,CNYRUBF,LONG,2024-09-03 16:30:00+03:00,2024-09-03 18:00:00+03:00,2024-09-03 18:00:00+03:00,12.075,12.0398397817,0.035160218281,35.160218281,2024-09-03 19:30:00+03:00,12.0398397817,INITIAL_STOP,3,-1,0.0568824682491,-1.05688246825,0.824795789611,0.199088638872,2024-09-03 16:00:00+03:00,3,33932.1557506
T2-M30-CNYRUBF-000078,T2_Trend_Pullback_Continuation_v1.0,CNYRUBF,LONG,2024-09-05 11:30:00+03:00,2024-09-05 13:00:00+03:00,2024-09-05 13:00:00+03:00,12.315,12.2152985681,0.0997014319252,99.7014319252,2024-09-05 23:30:00+03:00,12.387,ATR_TRAILING_STOP,21,0.722156127647,0.0200598924346,0.702096235212,0,1.7351806956,2024-09-05 10:00:00+03:00,3,11839.8774922
T2-M30-CNYRUBF-000079,T2_Trend_Pullback_Continuation_v1.0,CNYRUBF,LONG,2024-09-09 14:30:00+03:00,2024-09-09 15:30:00+03:00,2024-09-09 15:30:00+03:00,12.604,12.5504594356,0.0535405644131,53.5405644131,2024-09-10 10:30:00+03:00,12.6171869227,ATR_TRAILING_STOP,19,0.246297790884,0.0373548546214,0.208942936262,0.130741991175,1.08329078402,2024-09-09 14:00:00+03:00,2,22202.617157
T2-M30-CNYRUBF-000080,T2_Trend_Pullback_Continuation_v1.0,CNYRUBF,LONG,2024-09-17 16:30:00+03:00,2024-09-17 18:00:00+03:00,2024-09-17 18:00:00+03:00,12.905,12.8463436811,0.0586563189282,58.6563189282,2024-09-17 19:30:00+03:00,12.8463436811,INITIAL_STOP,3,-1,0.0340969231712,-1.03409692317,0.375066154883,0.0511453847568,2024-09-17 11:30:00+03:00,3,20308.5441676
T2-M30-CNYRUBF-000081,T2_Trend_Pullback_Continuation_v1.0,CNYRUBF,LONG,2024-09-18 13:30:00+03:00,2024-09-18 14:00:00+03:00,2024-09-18 14:00:00+03:00,12.924,12.8864921145,0.0375078854526,37.5078854526,2024-09-19 12:00:00+03:00,13.0183627021,ATR_TRAILING_STOP,25,2.5158097001,0.0533221208252,2.46248757928,0.853153933202,4.95895723674,2024-09-18 12:30:00+03:00,1,31430.8848424
T2-M30-CNYRUBF-000082,T2_Trend_Pullback_Continuation_v1.0,CNYRUBF,LONG,2024-10-03 11:00:00+03:00,2024-10-03 12:00:00+03:00,2024-10-03 12:00:00+03:00,13.495,13.4210460804,0.0739539195698,73.9539195698,2024-10-03 14:00:00+03:00,13.4443506418,ATR_TRAILING_STOP,4,-0.684877265106,0.0270438674736,-0.711921132579,0.378614144631,0.63553088563,2024-10-03 10:30:00+03:00,2,16333.6365387
T2-M30-CNYRUBF-000083,T2_Trend_Pullback_Continuation_v1.0,CNYRUBF,LONG,2024-10-03 17:00:00+03:00,2024-10-03 18:00:00+03:00,2024-10-03 18:00:00+03:00,13.465,13.4235892388,0.0414107611652,41.4107611652,2024-10-03 21:30:00+03:00,13.4235892388,INITIAL_STOP,7,-1,0.0482966249285,-1.04829662493,0.941784186105,0,2024-10-03 13:00:00+03:00,2,28961.9619227
T2-M30-CNYRUBF-000084,T2_Trend_Pullback_Continuation_v1.0,CNYRUBF,LONG,2024-10-08 11:30:00+03:00,2024-10-08 12:00:00+03:00,2024-10-08 12:00:00+03:00,13.564,13.5175904989,0.0464095011248,46.4095011248,2024-10-09 00:00:00+03:00,13.6375608108,ATR_TRAILING_STOP,24,1.58503774069,0.0430946239784,1.54194311671,0.603324735698,2.56413012672,2024-10-08 11:00:00+03:00,1,25571.5801975
T2-M30-CNYRUBF-000085,T2_Trend_Pullback_Continuation_v1.0,CNYRUBF,LONG,2024-10-28 17:30:00+03:00,2024-10-28 18:30:00+03:00,2024-10-28 18:30:00+03:00,13.6,13.5722429704,0.0277570296192,27.7570296192,2024-10-29 10:30:00+03:00,13.6160756654,ATR_TRAILING_STOP,13,0.579156545607,0.0720538194266,0.507102726181,0.0720538194266,1.94545312452,2024-10-28 16:30:00+03:00,2,43414.7142759
T2-M30-CNYRUBF-000086,T2_Trend_Pullback_Continuation_v1.0,CNYRUBF,LONG,2024-11-01 18:00:00+03:00,2024-11-01 18:30:00+03:00,2024-11-01 18:30:00+03:00,13.654,13.6272662291,0.0267337708991,26.7337708991,2024-11-02 11:00:00+03:00,13.6475143784,ATR_TRAILING_STOP,14,-0.242600327093,0.0748117430777,-0.317412070171,0.374058715389,0.972552660011,2024-11-01 17:30:00+03:00,1,45305.0347648
T2-M30-CNYRUBF-000087,T2_Trend_Pullback_Continuation_v1.0,CNYRUBF,LONG,2024-11-02 11:30:00+03:00,2024-11-02 12:00:00+03:00,2024-11-02 12:00:00+03:00,13.661,13.6234029044,0.0375970956095,37.5970956095,2024-11-02 13:00:00+03:00,13.6446523366,ATR_TRAILING_STOP,2,-0.434811868938,0.0531955984252,-0.488007467363,0.212782393701,1.01071637008,2024-11-02 10:30:00+03:00,1,32112.3210876
T2-M30-CNYRUBF-000088,T2_Trend_Pullback_Continuation_v1.0,CNYRUBF,LONG,2024-11-18 12:00:00+03:00,2024-11-18 13:00:00+03:00,2024-11-18 13:00:00+03:00,13.761,13.7212411253,0.0397588747227,39.7588747227,2024-11-18 17:00:00+03:00,13.732,EMA50_TREND_LOSS,8,-0.72939690075,0.0503032345345,-0.779700135284,0.503032345345,0.45272911081,2024-11-18 11:30:00+03:00,2,30218.1124081
T2-M30-CNYRUBF-000089,T2_Trend_Pullback_Continuation_v1.0,CNYRUBF,SHORT,2024-12-16 15:30:00+03:00,2024-12-16 16:30:00+03:00,2024-12-16 16:30:00+03:00,13.869,13.9623555431,0.0933555431122,93.3555431122,2024-12-17 10:30:00+03:00,13.9236680689,ATR_TRAILING_STOP,17,-0.585589961778,0.0214234734578,-0.607013435235,0.396334258969,0.567722046631,2024-12-16 12:30:00+03:00,2,12769.1456876
T2-M30-CNYRUBF-000090,T2_Trend_Pullback_Continuation_v1.0,CNYRUBF,LONG,2024-12-18 18:30:00+03:00,2024-12-18 19:00:00+03:00,2024-12-18 19:00:00+03:00,14.167,14.0869816883,0.080018311707,80.018311707,2024-12-19 15:30:00+03:00,14.1648839484,ATR_TRAILING_STOP,22,-0.0264445921586,0.0249942789011,-0.0514388710597,0.0999771156044,1.31219964231,2024-12-18 17:30:00+03:00,1,14807.0420031
T2-M30-CNYRUBF-000091,T2_Trend_Pullback_Continuation_v1.0,CNYRUBF,SHORT,2024-12-24 16:30:00+03:00,2024-12-24 17:30:00+03:00,2024-12-24 17:30:00+03:00,13.722,13.7797909611,0.0577909610993,57.7909610993,2024-12-27 10:30:00+03:00,13.4909646902,ATR_TRAILING_STOP,73,3.997775871,0.0346074881254,3.96316838287,0.657542274383,5.22573070694,2024-12-24 15:30:00+03:00,2,20491.5269524
T2-M30-CNYRUBF-000092,T2_Trend_Pullback_Continuation_v1.0,CNYRUBF,SHORT,2024-12-27 11:00:00+03:00,2024-12-27 12:00:00+03:00,2024-12-27 12:00:00+03:00,13.446,13.4887586748,0.0427586747844,42.7586747844,2024-12-27 15:30:00+03:00,13.4771490787,ATR_TRAILING_STOP,7,-0.728485596322,0.0467741343735,-0.775259730695,0.72499908279,1.35644989683,2024-12-27 10:30:00+03:00,2,28793.171805
T2-M30-CNYRUBF-000093,T2_Trend_Pullback_Continuation_v1.0,CNYRUBF,SHORT,2024-12-27 16:00:00+03:00,2024-12-27 16:30:00+03:00,2024-12-27 16:30:00+03:00,13.43,13.5041459,0.0741459000041,74.1459000041,2024-12-28 11:00:00+03:00,13.4518288373,ATR_TRAILING_STOP,18,-0.294403835012,0.0269738448099,-0.321377679822,0.930597645941,1.32171839568,2024-12-27 14:30:00+03:00,1,16475.8024108
T2-M30-CNYRUBF-000094,T2_Trend_Pullback_Continuation_v1.0,CNYRUBF,SHORT,2024-12-28 11:30:00+03:00,2024-12-28 12:00:00+03:00,2024-12-28 12:00:00+03:00,13.408,13.4726572352,0.0646572351993,64.6572351993,2024-12-28 14:00:00+03:00,13.4726572352,INITIAL_STOP,4,-1,0.0309323464549,-1.03093234645,0.417586677141,0.201060251957,2024-12-28 10:30:00+03:00,1,18832.9612631
