trade_id,strategy,symbol,direction,entry_time,entry_price,initial_stop,initial_risk,exit_time,exit_price,exit_reason,bars_held,gross_profit,gross_R,MAE_points,MFE_points,MAE_R,MFE_R,profit_points,profit_R,quantity,costs,net_profit,tick_size,initial_risk_ticks,cost_R,strategy_id,initial_risk_points,instrument,timeframe,fold_id,net_R
T3-M15-WF01-test-CNY-000001,T3,CNY,LONG,2024-02-01 18:15:00+03:00,12.58,12.5491601491,0.0308398508971,2024-02-02 17:00:00+03:00,12.6233387029,ATR_TRAILING_STOP,55,1405.28250583,1.40528250583,0.01,0.085,0.324255782992,2.75617415543,0.0433387029483,1.40528250583,32425.5782992,0,1405.28250583,0.001,30.8398508971,0,T3_MTF_Trend_v1.0,0.0308398508971,CNYRUBF,M15,WF01,1.34043134924
T3-M15-WF01-test-CNY-000002,T3,CNY,LONG,2024-02-05 10:00:00+03:00,12.64,12.6120744602,0.0279255397579,2024-02-05 12:30:00+03:00,12.625,ATR_TRAILING_STOP,10,-544.691078767,-0.537142706284,0.015,0.037,0.537142706284,1.32495200883,-0.015,-0.537142706284,36312.7385844,0,-544.691078767,0.001,27.9255397579,0,T3_MTF_Trend_v1.0,0.0279255397579,CNYRUBF,M15,WF01,-0.608761733788
T3-M15-WF01-test-Si-000001,T3,Si,LONG,2024-02-05 10:00:00+03:00,91.25,91.040365379,0.209634620965,2024-02-05 12:30:00+03:00,91.2339088592,ATR_TRAILING_STOP,10,-76.7580311164,-0.0767580311164,0.08,0.37,0.381616355313,1.76497564332,-0.0160911407591,-0.0767580311164,4770.20444141,0,-76.7580311164,0.001,209.634620965,0,T3_MTF_Trend_v1.0,0.209634620965,USDRUBF,M15,WF01,-0.0862984399993
T3-M15-WF01-test-CNY-000003,T3,CNY,LONG,2024-02-15 13:45:00+03:00,12.717,12.6924322115,0.0245677884611,2024-02-15 14:15:00+03:00,12.6924322115,ATR_TRAILING_STOP,2,-1008.60591427,-1,0.0245677884611,0.006,1,0.244222226576,-0.0245677884611,-1,41053.9970201,0,-1008.60591427,0.001,24.5677884611,0,T3_MTF_Trend_v1.0,0.0245677884611,CNYRUBF,M15,WF01,-1.08140740886
T3-M15-WF01-test-Si-000002,T3,Si,LONG,2024-02-15 13:45:00+03:00,92.19,92.00417493,0.185825069957,2024-02-15 14:30:00+03:00,92.00417493,ATR_TRAILING_STOP,3,-999.232419689,-1,0.185825069957,0.04,1,0.215256208483,-0.185825069957,-1,5377.27455139,0,-999.232419689,0.001,185.825069957,0,T3_MTF_Trend_v1.0,0.185825069957,USDRUBF,M15,WF01,-1.01076281042
T3-M15-WF01-test-CNY-000004,T3,CNY,LONG,2024-02-15 17:15:00+03:00,12.731,12.6973329509,0.0336670490885,2024-02-15 21:45:00+03:00,12.7164508672,ATR_TRAILING_STOP,18,-431.50791062,-0.432147551602,0.02,0.019,0.594052658058,0.564350025155,-0.0145491328333,-0.432147551602,29658.6687031,0,-431.50791062,0.001,33.6670490885,0,T3_MTF_Trend_v1.0,0.0336670490885,CNYRUBF,M15,WF01,-0.491552817408
T3-M15-WF01-test-CNY-000005,T3,CNY,LONG,2024-02-16 09:45:00+03:00,12.734,12.7175860745,0.0164139255454,2024-02-16 10:45:00+03:00,12.7175860745,ATR_TRAILING_STOP,4,-994.204776022,-1,0.0164139255454,0.012,1,0.731086537878,-0.0164139255454,-1,60570.810637,0,-994.204776022,0.001,16.4139255454,0,T3_MTF_Trend_v1.0,0.0164139255454,CNYRUBF,M15,WF01,-1.12184775631
T3-M15-WF01-test-CNY-000006,T3,CNY,LONG,2024-02-16 11:45:00+03:00,12.765,12.7371133695,0.0278866305251,2024-02-16 12:30:00+03:00,12.7371133695,ATR_TRAILING_STOP,3,-984.262728262,-1,0.0278866305251,0.009,1,0.322735297544,-0.0278866305251,-1,35295.147163,0,-984.262728262,0.001,27.8866305251,0,T3_MTF_Trend_v1.0,0.0278866305251,CNYRUBF,M15,WF01,-1.07171895501
T3-M15-WF01-test-Si-000003,T3,Si,LONG,2024-02-16 11:45:00+03:00,92.49,92.2717864559,0.218213544113,2024-02-16 12:30:00+03:00,92.2717864559,ATR_TRAILING_STOP,3,-989.240095492,-1,0.218213544113,0.06,1,0.274960017921,-0.218213544113,-1,4533.35790641,0,-989.240095492,0.001,218.213544113,0,T3_MTF_Trend_v1.0,0.218213544113,USDRUBF,M15,WF01,-1.00916533393
T3-M15-WF01-test-CNY-000007,T3,CNY,LONG,2024-02-16 14:30:00+03:00,12.788,12.7492673332,0.0387326668475,2024-02-16 16:30:00+03:00,12.7492673332,ATR_TRAILING_STOP,8,-974.420100979,-1,0.0387326668475,0.007,1,0.180726001325,-0.0387326668475,-1,25157.5783515,0,-974.420100979,0.001,38.7326668475,0,T3_MTF_Trend_v1.0,0.0387326668475,CNYRUBF,M15,WF01,-1.05163600038
T3-M15-WF01-test-Si-000004,T3,Si,LONG,2024-02-16 14:30:00+03:00,92.8,92.5206962579,0.27930374211,2024-02-16 17:00:00+03:00,92.5206962579,ATR_TRAILING_STOP,10,-979.347694537,-1,0.27930374211,0.04,1,0.143213262013,-0.27930374211,-1,3506.38944949,0,-979.347694537,0.001,279.30374211,0,T3_MTF_Trend_v1.0,0.27930374211,USDRUBF,M15,WF01,-1.0071606631
T3-M15-WF01-test-Si-000005,T3,Si,LONG,2024-02-19 10:30:00+03:00,92.36,92.1547584809,0.205241519099,2024-02-19 15:45:00+03:00,92.2487958119,ATR_TRAILING_STOP,21,-525.32494419,-0.541821111866,0.111204188079,0.2,0.541821111866,0.974461701892,-0.111204188079,-0.541821111866,4723.96726475,0,-525.32494419,0.001,205.241519099,0,T3_MTF_Trend_v1.0,0.205241519099,USDRUBF,M15,WF01,-0.551565728885
T3-M15-WF01-test-CNY-000008,T3,CNY,LONG,2024-02-19 11:45:00+03:00,12.774,12.7439892216,0.0300107784214,2024-02-19 15:45:00+03:00,12.7516892266,ATR_TRAILING_STOP,16,-717.164516301,-0.743425347647,0.0223107733811,0.018,0.743425347647,0.599784508993,-0.0223107733811,-0.743425347647,32144.3145,0,-717.164516301,0.001,30.0107784214,0,T3_MTF_Trend_v1.0,0.0300107784214,CNYRUBF,M15,WF01,-0.810068070869
T3-M15-WF01-test-CNY-000009,T3,CNY,SHORT,2024-02-28 16:15:00+03:00,12.657,12.6884307548,0.0314307547674,2024-02-29 15:45:00+03:00,12.5877035129,ATR_TRAILING_STOP,58,2111.04320442,2.20473506391,0.023,0.112,0.731767346035,3.56338881547,0.0692964871209,2.20473506391,30463.9281459,0,2111.04320442,0.001,31.4307547674,0,T3_MTF_Trend_v1.0,0.0314307547674,CNYRUBF,M15,WF01,2.14110312078
T3-M15-WF01-test-Si-000006,T3,Si,SHORT,2024-02-28 16:45:00+03:00,91.46,91.7125951095,0.252595109516,2024-02-29 15:45:00+03:00,91.1102501901,ATR_TRAILING_STOP,56,1335.19639753,1.3846262128,0.23,0.69,0.910548111723,2.73164433517,0.349749809861,1.3846262128,3817.57576383,0,1335.19639753,0.001,252.595109516,0,T3_MTF_Trend_v1.0,0.252595109516,USDRUBF,M15,WF01,1.37670840313
T3-M15-WF01-test-CNY-000010,T3,CNY,SHORT,2024-03-05 15:30:00+03:00,12.574,12.597091337,0.0230913370151,2024-03-05 16:45:00+03:00,12.597091337,ATR_TRAILING_STOP,5,-978.61468685,-1,0.0230913370151,0.01,1,0.433062840557,-0.0230913370151,-1,42380.1656098,0,-978.61468685,0.001,23.0913370151,0,T3_MTF_Trend_v1.0,0.0230913370151,CNYRUBF,M15,WF01,-1.08661256811
T3-M15-WF01-test-Si-000007,T3,Si,SHORT,2024-03-05 18:15:00+03:00,90.81,91.0153352254,0.205335225361,2024-03-06 14:30:00+03:00,90.5814023036,ATR_TRAILING_STOP,45,1088.41143934,1.11329021126,0.12,0.51,0.584410199413,2.48374334751,0.228597696421,1.11329021126,4761.25287517,0,1088.41143934,0.001,205.335225361,0,T3_MTF_Trend_v1.0,0.205335225361,USDRUBF,M15,WF01,1.10355004127
T3-M15-WF01-test-CNY-000011,T3,CNY,SHORT,2024-03-05 18:45:00+03:00,12.56,12.5878725659,0.0278725659085,2024-03-06 09:15:00+03:00,12.568,ATR_TRAILING_STOP,22,-278.073728314,-0.287020578811,0.012,0.017,0.430530868216,0.609918729973,-0.008,-0.287020578811,34759.2160392,0,-278.073728314,0.001,27.8725659085,0,T3_MTF_Trend_v1.0,0.0278725659085,CNYRUBF,M15,WF01,-0.358775723513
T3-M15-WF01-test-CNY-000012,T3,CNY,SHORT,2024-03-06 11:45:00+03:00,12.492,12.5132814019,0.021281401904,2024-03-06 13:45:00+03:00,12.5132814019,ATR_TRAILING_STOP,8,-966.047802699,-1,0.021281401904,0.009,1,0.422904470326,-0.021281401904,-1,45393.9927011,0,-966.047802699,0.001,21.281401904,0,T3_MTF_Trend_v1.0,0.021281401904,CNYRUBF,M15,WF01,-1.09397877118
T3-M15-WF01-test-Si-000008,T3,Si,LONG,2024-03-12 16:15:00+03:00,91.5,91.2919468703,0.208053129712,2024-03-13 09:30:00+03:00,91.7412520711,ATR_TRAILING_STOP,33,1146.27744449,1.15956953614,0,0.45,0,2.16290906377,0.241252071112,1.15956953614,4751.36830619,0,1146.27744449,0.001,208.053129712,0,T3_MTF_Trend_v1.0,0.208053129712,USDRUBF,M15,WF01,1.14995660697
T3-M15-WF01-test-CNY-000013,T3,CNY,LONG,2024-03-12 17:00:00+03:00,12.755,12.7277213032,0.0272786968303,2024-03-12 17:15:00+03:00,12.7277213032,ATR_TRAILING_STOP,1,-956.387324672,-1,0.0272786968303,0,1,0,-0.0272786968303,-1,35059.8612032,0,-956.387324672,0.001,27.2786968303,0,T3_MTF_Trend_v1.0,0.0272786968303,CNYRUBF,M15,WF01,-1.07331728537
T3-M15-WF01-test-CNY-000014,T3,CNY,LONG,2024-03-12 17:45:00+03:00,12.771,12.7392684778,0.031731522207,2024-03-13 09:15:00+03:00,12.758,ATR_TRAILING_STOP,26,-387.901493922,-0.409687247753,0.027,0.019,0.850888899179,0.598773669792,-0.013,-0.409687247753,29838.5764555,0,-387.901493922,0.001,31.731522207,0,T3_MTF_Trend_v1.0,0.031731522207,CNYRUBF,M15,WF01,-0.472716055099
T3-M15-WF01-test-Si-000009,T3,Si,LONG,2024-03-14 10:15:00+03:00,91.94,91.7411518142,0.19884818581,2024-03-14 13:00:00+03:00,91.7411518142,ATR_TRAILING_STOP,11,-999.999820963,-1,0.19884818581,0.07,1,0.352027350488,-0.19884818581,-1,5028.96124947,0,-999.999820963,0.001,198.84818581,0,T3_MTF_Trend_v1.0,0.19884818581,USDRUBF,M15,WF01,-1.0100579243
T3-M15-WF01-test-CNY-000015,T3,CNY,LONG,2024-03-15 16:45:00+03:00,12.818,12.7946745403,0.0233254597226,2024-03-15 23:00:00+03:00,12.826,ATR_TRAILING_STOP,25,323.404365085,0.342972875783,0.009,0.045,0.385844485256,1.92922242628,0.008,0.342972875783,40425.5456356,0,323.404365085,0.001,23.3254597226,0,T3_MTF_Trend_v1.0,0.0233254597226,CNYRUBF,M15,WF01,0.257229656837
T3-M15-WF01-test-CNY-000016,T3,CNY,LONG,2024-03-19 12:15:00+03:00,12.79,12.758739554,0.0312604460221,2024-03-19 17:30:00+03:00,12.8024498805,ATR_TRAILING_STOP,21,376.82792547,0.39826304802,0.014,0.058,0.447850295869,1.85537979717,0.0124498805152,0.39826304802,30267.5937339,0,376.82792547,0.001,31.2604460221,0,T3_MTF_Trend_v1.0,0.0312604460221,CNYRUBF,M15,WF01,0.334284434325
T3-M15-WF01-test-Si-000010,T3,Si,LONG,2024-03-19 13:30:00+03:00,92.65,92.4226535425,0.227346457465,2024-03-19 17:30:00+03:00,92.4373599275,ATR_TRAILING_STOP,16,-925.959596924,-0.935312891621,0.212640072531,0.14,0.935312891621,0.615800226496,-0.212640072531,-0.935312891621,4354.58653631,0,-925.959596924,0.001,227.346457465,0,T3_MTF_Trend_v1.0,0.227346457465,USDRUBF,M15,WF01,-0.944110037714
T3-M15-WF01-test-Si-000011,T3,Si,LONG,2024-03-22 14:00:00+03:00,93,92.7747411161,0.225258883918,2024-03-22 14:45:00+03:00,92.7747411161,ATR_TRAILING_STOP,3,-980.740226784,-1,0.225258883918,0,1,0,-0.225258883918,-1,4353.83594966,0,-980.740226784,0.001,225.258883918,0,T3_MTF_Trend_v1.0,0.225258883918,USDRUBF,M15,WF01,-1.00887867313
T3-M15-WF01-test-Si-000012,T3,Si,LONG,2024-03-22 21:45:00+03:00,93.22,92.9879784931,0.232021506948,2024-03-25 09:15:00+03:00,93.0491818333,ATR_TRAILING_STOP,10,-714.81720504,-0.736216952389,0.170818166734,0.25,0.736216952389,1.07748632137,-0.170818166734,-0.736216952389,4184.66734954,0,-714.81720504,0.001,232.021506948,0,T3_MTF_Trend_v1.0,0.232021506948,USDRUBF,M15,WF01,-0.74483684296
T3-M15-WF01-test-CNY-000017,T3,CNY,LONG,2024-03-22 23:00:00+03:00,12.838,12.8068290302,0.0311709698216,2024-03-22 23:15:00+03:00,12.8068290302,ATR_TRAILING_STOP,1,-949.946759391,-1,0.0311709698216,0,1,0,-0.0311709698216,-1,30475.3674598,0,-949.946759391,0.001,31.1709698216,0,T3_MTF_Trend_v1.0,0.0311709698216,CNYRUBF,M15,WF01,-1.06416226417
T3-M15-WF01-test-CNY-000018,T3,CNY,SHORT,2024-03-27 17:15:00+03:00,12.653,12.6854608361,0.032460836069,2024-03-28 00:00:00+03:00,12.6655694401,ATR_TRAILING_STOP,27,-364.158702189,-0.387218619656,0.03,0.018,0.924190613458,0.554514368075,-0.0125694401355,-0.387218619656,28971.7519844,0,-364.158702189,0.001,32.460836069,0,T3_MTF_Trend_v1.0,0.032460836069,CNYRUBF,M15,WF01,-0.44883132722
T3-M15-WF01-test-CNY-000019,T3,CNY,SHORT,2024-03-29 16:45:00+03:00,12.648,12.6757942911,0.0277942911264,2024-03-29 17:00:00+03:00,12.6757942911,ATR_TRAILING_STOP,1,-936.805704775,-1,0.0277942911264,0,1,0,-0.0277942911264,-1,33704.9684237,0,-936.805704775,0.001,27.7942911264,0,T3_MTF_Trend_v1.0,0.0277942911264,CNYRUBF,M15,WF01,-1.07195722283
T3-M15-WF01-test-CNY-000020,T3,CNY,LONG,2024-04-10 10:45:00+03:00,12.886,12.8702636492,0.0157363508278,2024-04-10 11:45:00+03:00,12.8706784299,ATR_TRAILING_STOP,4,-902.992128486,-0.973641873066,0.0153215700953,0.016,0.973641873066,1.01675414936,-0.0153215700953,-0.973641873066,58936.0047875,0,-902.992128486,0.001,15.7363508278,0,T3_MTF_Trend_v1.0,0.0157363508278,CNYRUBF,M15,WF01,-1.10073614174
T3-M15-WF01-test-Si-000013,T3,Si,LONG,2024-04-10 10:45:00+03:00,93.4,93.2503793331,0.149620666887,2024-04-10 11:45:00+03:00,93.2503793331,ATR_TRAILING_STOP,4,-963.784652466,-1,0.149620666887,0.11,1,0.735192552531,-0.149620666887,-1,6441.52089761,0,-963.784652466,0.001,149.620666887,0,T3_MTF_Trend_v1.0,0.149620666887,USDRUBF,M15,WF01,-1.01336713732
T3-M15-WF01-test-Si-000014,T3,Si,LONG,2024-04-10 16:00:00+03:00,93.63,93.462115693,0.167884306964,2024-04-10 17:00:00+03:00,93.462115693,ATR_TRAILING_STOP,4,-954.146805942,-1,0.167884306964,0.1,1,0.595648287851,-0.167884306964,-1,5683.35911318,0,-954.146805942,0.001,167.884306964,0,T3_MTF_Trend_v1.0,0.167884306964,USDRUBF,M15,WF01,-1.01191296576
T3-M15-WF01-test-CNY-000021,T3,CNY,LONG,2024-04-12 09:15:00+03:00,12.909,12.8915084114,0.017491588617,2024-04-12 10:30:00+03:00,12.8915084114,ATR_TRAILING_STOP,5,-918.407726443,-1,0.017491588617,0.01,1,0.571703360909,-0.017491588617,-1,52505.6783892,0,-918.407726443,0.001,17.491588617,0,T3_MTF_Trend_v1.0,0.017491588617,CNYRUBF,M15,WF01,-1.11434067218
T3-M15-WF01-test-CNY-000022,T3,CNY,LONG,2024-04-16 12:00:00+03:00,12.947,12.9290475772,0.0179524227716,2024-04-17 11:00:00+03:00,13.009416864,ATR_TRAILING_STOP,56,3161.1827322,3.47679334458,0.014,0.091,0.779839032209,5.06895370936,0.0624168640114,3.47679334458,50646.2921884,0,3161.1827322,0.001,17.9524227716,0,T3_MTF_Trend_v1.0,0.0179524227716,CNYRUBF,M15,WF01,3.36538776855
T3-M15-WF01-test-Si-000015,T3,Si,LONG,2024-04-16 12:45:00+03:00,94.28,94.113336839,0.166663160974,2024-04-17 09:15:00+03:00,94.3689414776,ATR_TRAILING_STOP,46,504.098170127,0.533660090527,0.14,0.27,0.840017669061,1.62003407605,0.0889414775731,0.533660090527,5667.75124365,0,504.098170127,0.001,166.663160974,0,T3_MTF_Trend_v1.0,0.166663160974,USDRUBF,M15,WF01,0.521659838112
T3-M15-WF01-test-CNY-000023,T3,CNY,LONG,2024-04-17 19:45:00+03:00,13.006,12.9839182055,0.022081794481,2024-04-18 11:30:00+03:00,12.9920556672,ATR_TRAILING_STOP,27,-594.123950879,-0.631485488928,0.0139443327842,0.017,0.631485488928,0.769864967934,-0.0139443327842,-0.631485488928,42606.8396439,0,-594.123950879,0.001,22.081794481,0,T3_MTF_Trend_v1.0,0.022081794481,CNYRUBF,M15,WF01,-0.722057838097
T3-M15-WF01-test-Si-000016,T3,Si,LONG,2024-04-17 20:00:00+03:00,94.43,94.2642805243,0.165719475738,2024-04-18 10:00:00+03:00,94.3334256578,ATR_TRAILING_STOP,20,-553.413943774,-0.58275795142,0.0965743421916,0.06,0.58275795142,0.362057626194,-0.0965743421916,-0.58275795142,5730.44486988,0,-553.413943774,0.001,165.719475738,0,T3_MTF_Trend_v1.0,0.165719475738,USDRUBF,M15,WF01,-0.59482653896
T3-M15-WF01-test-Si-000017,T3,Si,SHORT,2024-04-19 13:15:00+03:00,93.37,93.5495618543,0.179561854254,2024-04-19 21:30:00+03:00,93.2716681749,ATR_TRAILING_STOP,33,517.015566337,0.547620904814,0.09,0.35,0.501220041273,1.94918904939,0.0983318250964,0.547620904814,5257.86606554,0,517.015566337,0.001,179.561854254,0,T3_MTF_Trend_v1.0,0.179561854254,USDRUBF,M15,WF01,0.536482681675
T3-M15-WF01-test-CNY-000024,T3,CNY,SHORT,2024-04-23 14:45:00+03:00,12.826,12.8425479105,0.0165479105121,2024-04-23 15:45:00+03:00,12.8365266323,ATR_TRAILING_STOP,4,-594.714833297,-0.636130601479,0.0105266322673,0.023,0.636130601479,1.38990357623,-0.0105266322673,-0.636130601479,56496.2105824,0,-594.714833297,0.001,16.5479105121,0,T3_MTF_Trend_v1.0,0.0165479105121,CNYRUBF,M15,WF01,-0.756991782021
T3-M15-WF01-test-CNY-000025,T3,CNY,SHORT,2024-04-24 12:15:00+03:00,12.726,12.7442062304,0.0182062304021,2024-04-24 21:45:00+03:00,12.699,ATR_TRAILING_STOP,38,1377.63671226,1.48300880543,0.008,0.059,0.439410016424,3.24064887113,0.027,1.48300880543,51023.5819356,0,1377.63671226,0.001,18.2062304021,0,T3_MTF_Trend_v1.0,0.0182062304021,CNYRUBF,M15,WF01,1.37315630132
T3-M15-WF01-test-Si-000018,T3,Si,SHORT,2024-04-24 13:30:00+03:00,92.49,92.6442229241,0.154222924113,2024-04-24 15:15:00+03:00,92.6442229241,ATR_TRAILING_STOP,7,-949.282335809,-1,0.154222924113,0.00999999999999,1,0.0648412034561,-0.154222924113,-1,6155.26090735,0,-949.282335809,0.001,154.222924113,0,T3_MTF_Trend_v1.0,0.154222924113,USDRUBF,M15,WF01,-1.01296824069
T3-M15-WF01-test-Si-000019,T3,Si,SHORT,2024-04-24 16:15:00+03:00,92.45,92.60365776,0.153657759965,2024-04-25 09:15:00+03:00,92.5069477703,ATR_TRAILING_STOP,32,-348.299475873,-0.37061434636,0.13,0.12,0.846036022066,0.780956328061,-0.0569477702723,-0.37061434636,6116.12138995,0,-348.299475873,0.001,153.657759965,0,T3_MTF_Trend_v1.0,0.153657759965,USDRUBF,M15,WF01,-0.383630285161
T3-M15-WF01-test-Si-000020,T3,Si,SHORT,2024-04-25 15:30:00+03:00,92.13,92.3351439141,0.205143914119,2024-04-25 16:45:00+03:00,92.3351439141,ATR_TRAILING_STOP,5,-936.306517692,-1,0.205143914119,0.04,1,0.194985067784,-0.205143914119,-1,4564.14474548,0,-936.306517692,0.001,205.143914119,0,T3_MTF_Trend_v1.0,0.205143914119,USDRUBF,M15,WF01,-1.00974925339
T3-M15-WF01-test-Si-000021,T3,Si,SHORT,2024-04-25 18:45:00+03:00,92.06,92.2394030863,0.179403086295,2024-04-25 19:15:00+03:00,92.2394030863,ATR_TRAILING_STOP,2,-926.943452515,-1,0.179403086295,0.03,1,0.16722120349,-0.179403086295,-1,5166.81998988,0,-926.943452515,0.001,179.403086295,0,T3_MTF_Trend_v1.0,0.179403086295,USDRUBF,M15,WF01,-1.01114808023
T3-M15-WF01-test-CNY-000026,T3,CNY,SHORT,2024-04-26 13:00:00+03:00,12.655,12.6802535282,0.0252535281824,2024-04-26 20:45:00+03:00,12.5631198892,ATR_TRAILING_STOP,31,3429.91818453,3.6383078871,0.003,0.152,0.118795281924,6.01896095082,0.091880110763,3.6383078871,37330.3662353,0,3429.91818453,0.001,25.2535281824,0,T3_MTF_Trend_v1.0,0.0252535281824,CNYRUBF,M15,WF01,3.55911103249
T3-M15-WF01-test-Si-000022,T3,Si,SHORT,2024-04-26 13:30:00+03:00,91.83,92.069106855,0.239106855022,2024-04-26 21:00:00+03:00,91.68,ATR_TRAILING_STOP,30,575.688650524,0.627334586398,0.22,0.53,0.920090726717,2.21658220527,0.15,0.627334586398,3837.92433683,0,575.688650524,0.001,239.106855022,0,T3_MTF_Trend_v1.0,0.239106855022,USDRUBF,M15,WF01,0.618970125246
T3-M15-WF01-test-CNY-000027,T3,CNY,SHORT,2024-04-27 11:45:00+03:00,12.559,12.5891120159,0.0301120158516,2024-04-27 14:30:00+03:00,12.5837504154,ATR_TRAILING_STOP,11,-803.058694615,-0.821944818562,0.0247504154057,0.016,0.821944818562,0.531349348341,-0.0247504154057,-0.821944818562,32446.2713636,0,-803.058694615,0.001,30.1120158516,0,T3_MTF_Trend_v1.0,0.0301120158516,CNYRUBF,M15,WF01,-0.888363487105
T3-M15-WF01-test-Si-000023,T3,Si,LONG,2024-04-29 12:00:00+03:00,93.16,92.9763959417,0.183604058318,2024-04-29 17:00:00+03:00,92.9870308796,ATR_TRAILING_STOP,20,-869.942814621,-0.942076781691,0.18,0.08,0.980370486628,0.435720216279,-0.172969120365,-0.942076781691,5029.46891782,0,-869.942814621,0.001,183.604058318,0,T3_MTF_Trend_v1.0,0.183604058318,USDRUBF,M15,WF01,-0.952969787098
T3-M15-WF02-test-Si-000001,T3,Si,SHORT,2024-05-02 12:00:00+03:00,92.11,92.3125558188,0.20255581876,2024-05-02 16:15:00+03:00,92.2377676088,ATR_TRAILING_STOP,17,-630.777281777,-0.630777281777,0.127767608766,0.23,0.630777281777,1.13548947351,-0.127767608766,-0.630777281777,4936.91075438,0,-630.777281777,0.001,202.55581876,0,T3_MTF_Trend_v1.0,0.20255581876,USDRUBF,M15,WF02,-0.640651103285
T3-M15-WF02-test-CNY-000001,T3,CNY,SHORT,2024-05-02 14:30:00+03:00,12.635,12.6604737951,0.0254737950753,2024-05-02 15:00:00+03:00,12.6604737951,ATR_TRAILING_STOP,2,-1000,-1,0.0254737950753,0,1,0,-0.0254737950753,-1,39256.0274997,0,-1000,0.001,25.4737950753,0,T3_MTF_Trend_v1.0,0.0254737950753,CNYRUBF,M15,WF02,-1.078512055
T3-M15-WF02-test-Si-000002,T3,Si,SHORT,2024-05-03 10:45:00+03:00,91.86,92.0307075739,0.170707573933,2024-05-03 21:30:00+03:00,91.8045315436,ATR_TRAILING_STOP,43,322.883002234,0.324932603277,0.13,0.27,0.76153621661,1.58165214219,0.0554684563973,0.324932603277,5821.02014741,0,322.883002234,0.001,170.707573933,0,T3_MTF_Trend_v1.0,0.170707573933,USDRUBF,M15,WF02,0.313216661483
T3-M15-WF02-test-Si-000003,T3,Si,SHORT,2024-05-07 10:45:00+03:00,91.13,91.2833887702,0.153388770158,2024-05-07 11:15:00+03:00,91.2833887702,ATR_TRAILING_STOP,2,-996.921057205,-1,0.153388770158,0.04,1,0.260775283346,-0.153388770158,-1,6499.30927916,0,-996.921057205,0.001,153.388770158,0,T3_MTF_Trend_v1.0,0.153388770158,USDRUBF,M15,WF02,-1.01303876417
T3-M15-WF02-test-CNY-000002,T3,CNY,SHORT,2024-05-07 14:45:00+03:00,12.584,12.6075279415,0.0235279415034,2024-05-07 16:15:00+03:00,12.6075279415,ATR_TRAILING_STOP,6,-990,-1,0.0235279415034,0.002,1,0.0850053116508,-0.0235279415034,-1,42077.6292672,0,-990,0.001,23.5279415034,0,T3_MTF_Trend_v1.0,0.0235279415034,CNYRUBF,M15,WF02,-1.08500531165
T3-M15-WF02-test-CNY-000003,T3,CNY,SHORT,2024-05-13 13:00:00+03:00,12.608,12.6281080454,0.0201080453691,2024-05-13 14:45:00+03:00,12.6281080454,ATR_TRAILING_STOP,7,-980.1,-1,0.0201080453691,0.016,1,0.795701407386,-0.0201080453691,-1,48741.6843362,0,-980.1,0.001,20.1080453691,0,T3_MTF_Trend_v1.0,0.0201080453691,CNYRUBF,M15,WF02,-1.09946267592
T3-M15-WF02-test-Si-000004,T3,Si,SHORT,2024-05-13 13:00:00+03:00,91.5,91.6606130859,0.16061308594,2024-05-13 14:30:00+03:00,91.6606130859,ATR_TRAILING_STOP,6,-986.951846633,-1,0.16061308594,0.12,1,0.747137129565,-0.16061308594,-1,6144.90308093,0,-986.951846633,0.001,160.61308594,0,T3_MTF_Trend_v1.0,0.16061308594,USDRUBF,M15,WF02,-1.01245228549
T3-M15-WF02-test-CNY-000004,T3,CNY,SHORT,2024-05-13 17:45:00+03:00,12.589,12.616202401,0.0272024010363,2024-05-13 21:15:00+03:00,12.588,ATR_TRAILING_STOP,14,35.6696086755,0.0367614608235,0.021,0.038,0.771990677292,1.39693551129,0.001,0.0367614608235,35669.6086755,0,35.6696086755,0.001,27.2024010363,0,T3_MTF_Trend_v1.0,0.0272024010363,CNYRUBF,M15,WF02,-0.0367614608234
T3-M15-WF02-test-Si-000005,T3,Si,SHORT,2024-05-13 18:30:00+03:00,91.41,91.5944160743,0.184416074286,2024-05-14 10:00:00+03:00,91.4470212175,ATR_TRAILING_STOP,26,-196.147637787,-0.200748321951,0.07,0.14,0.379576456505,0.75915291301,-0.0370212174537,-0.200748321951,5298.24925484,0,-196.147637787,0.001,184.416074286,0,T3_MTF_Trend_v1.0,0.184416074286,USDRUBF,M15,WF02,-0.211593363566
T3-M15-WF02-test-CNY-000005,T3,CNY,SHORT,2024-05-20 11:15:00+03:00,12.508,12.5285672087,0.0205672087038,2024-05-20 11:45:00+03:00,12.5285672087,ATR_TRAILING_STOP,2,-970.655696087,-1,0.0205672087038,0.002,1,0.0972421697471,-0.0205672087038,-1,47194.3329824,0,-970.655696087,0.001,20.5672087038,0,T3_MTF_Trend_v1.0,0.0205672087038,CNYRUBF,M15,WF02,-1.09724216975
T3-M15-WF02-test-CNY-000006,T3,CNY,SHORT,2024-05-20 13:30:00+03:00,12.487,12.5107969852,0.0237969851766,2024-05-20 15:00:00+03:00,12.5107969852,ATR_TRAILING_STOP,6,-960.949139126,-1,0.0237969851766,0.003,1,0.126066389408,-0.0237969851766,-1,40381.129458,0,-960.949139126,0.001,23.7969851766,0,T3_MTF_Trend_v1.0,0.0237969851766,CNYRUBF,M15,WF02,-1.08404425961
T3-M15-WF02-test-CNY-000007,T3,CNY,SHORT,2024-05-21 17:30:00+03:00,12.439,12.4648650989,0.0258650989029,2024-05-22 09:45:00+03:00,12.4128244515,ATR_TRAILING_STOP,29,962.758238593,1.01200264373,0.008,0.066,0.309297096834,2.55170104888,0.0261755484701,1.01200264373,36780.8238935,0,962.758238593,0.001,25.8650989029,0,T3_MTF_Trend_v1.0,0.0258650989029,CNYRUBF,M15,WF02,0.934678369522
T3-M15-WF02-test-Si-000006,T3,Si,SHORT,2024-05-21 17:30:00+03:00,90.27,90.4656785124,0.195678512422,2024-05-22 10:15:00+03:00,90.0991978081,ATR_TRAILING_STOP,31,851.155176688,0.872871475497,0.05,0.41,0.255521157541,2.09527349183,0.170802191861,0.872871475497,4983.28017582,0,851.155176688,0.001,195.678512422,0,T3_MTF_Trend_v1.0,0.195678512422,USDRUBF,M15,WF02,0.862650629195
T3-M15-WF02-test-CNY-000008,T3,CNY,SHORT,2024-05-24 14:00:00+03:00,12.322,12.3400238639,0.0180238639097,2024-05-24 19:15:00+03:00,12.319190277,ATR_TRAILING_STOP,21,149.804268559,0.155889049973,0.013,0.045,0.721265987423,2.49668995646,0.00280972302172,0.155889049973,53316.3829319,0,149.804268559,0.001,18.0238639097,0,T3_MTF_Trend_v1.0,0.0180238639097,CNYRUBF,M15,WF02,0.0449250519078
T3-M15-WF02-test-Si-000007,T3,Si,SHORT,2024-05-24 17:00:00+03:00,89.48,89.6698222998,0.18982229977,2024-05-24 19:30:00+03:00,89.6698222998,ATR_TRAILING_STOP,10,-983.632403555,-1,0.18982229977,0.11,1,0.579489344157,-0.18982229977,-1,5181.85905844,0,-983.632403555,0.001,189.82229977,0,T3_MTF_Trend_v1.0,0.18982229977,USDRUBF,M15,WF02,-1.01053616989
T3-M15-WF02-test-Si-000008,T3,Si,SHORT,2024-05-27 09:15:00+03:00,89.39,89.5619863454,0.171986345367,2024-05-27 14:45:00+03:00,88.8596037677,ATR_TRAILING_STOP,22,3003.13243201,3.08394385146,0.16,0.99,0.930306412748,5.75627092888,0.530396232329,3.08394385146,5662.05460929,0,3003.13243201,0.001,171.986345367,0,T3_MTF_Trend_v1.0,0.171986345367,USDRUBF,M15,WF02,3.0723150213
T3-M15-WF02-test-CNY-000009,T3,CNY,SHORT,2024-05-27 10:15:00+03:00,12.232,12.2619391456,0.0299391455754,2024-05-27 15:00:00+03:00,12.2037655226,ATR_TRAILING_STOP,19,907.664645614,0.943062229111,0.002,0.08,0.0668021735946,2.67208694378,0.028234477364,0.943062229111,32147.3861164,0,907.664645614,0.001,29.9391455754,0,T3_MTF_Trend_v1.0,0.0299391455754,CNYRUBF,M15,WF02,0.876260055516
T3-M15-WF02-test-Si-000009,T3,Si,SHORT,2024-05-27 19:00:00+03:00,88.6,88.8018658327,0.201865832705,2024-05-27 22:45:00+03:00,88.6,ATR_TRAILING_STOP,15,-0,-0,0.03,0.26,0.148613559799,1.28798418492,-0,-0,4972.7454636,0,-0,0.001,201.865832705,0,T3_MTF_Trend_v1.0,0.201865832705,USDRUBF,M15,WF02,-0.00990757065324
T3-M15-WF02-test-CNY-000010,T3,CNY,SHORT,2024-05-27 19:15:00+03:00,12.165,12.1929974708,0.0279974707744,2024-05-28 09:15:00+03:00,12.1725712213,ATR_TRAILING_STOP,20,-262.729406185,-0.270425188019,0.011,0.025,0.392892632646,0.892937801469,-0.00757122129822,-0.270425188019,34701.0602168,0,-262.729406185,0.001,27.9974707744,0,T3_MTF_Trend_v1.0,0.0279974707744,CNYRUBF,M15,WF02,-0.341860212136
T3-M15-WF02-test-CNY-000011,T3,CNY,SHORT,2024-05-28 11:00:00+03:00,12.146,12.1686970693,0.0226970692561,2024-05-28 13:30:00+03:00,12.1686970693,ATR_TRAILING_STOP,10,-968.9146252,-1,0.0226970692561,0.005,1,0.220292758664,-0.0226970692561,-1,42688.975139,0,-968.9146252,0.001,22.6970692561,0,T3_MTF_Trend_v1.0,0.0226970692561,CNYRUBF,M15,WF02,-1.08811710347
T3-M15-WF02-test-Si-000010,T3,Si,SHORT,2024-05-28 11:00:00+03:00,88.41,88.569780738,0.159780738,2024-05-28 13:30:00+03:00,88.569780738,ATR_TRAILING_STOP,10,-1003.82740384,-1,0.159780738,0.04,1,0.250343067009,-0.159780738,-1,6282.53077563,0,-1003.82740384,0.001,159.780738,0,T3_MTF_Trend_v1.0,0.159780738,USDRUBF,M15,WF02,-1.01251715335
T3-M15-WF02-test-Si-000011,T3,Si,LONG,2024-05-29 21:00:00+03:00,89.76,89.6138721177,0.146127882254,2024-05-30 11:15:00+03:00,89.8227986978,ATR_TRAILING_STOP,21,427.082513649,0.429751645336,0.03,0.37,0.205299628909,2.53202875655,0.0627986978281,0.429751645336,6800.81798541,0,427.082513649,0.001,146.127882254,0,T3_MTF_Trend_v1.0,0.146127882254,USDRUBF,M15,WF02,0.416065003409
T3-M15-WF02-test-CNY-000012,T3,CNY,LONG,2024-05-30 12:15:00+03:00,12.387,12.3628272244,0.0241727755718,2024-05-30 15:00:00+03:00,12.3628272244,ATR_TRAILING_STOP,11,-959.225478948,-1,0.0241727755718,0.014,1,0.579163942444,-0.0241727755718,-1,39682.0578629,0,-959.225478948,0.001,24.1727755718,0,T3_MTF_Trend_v1.0,0.0241727755718,CNYRUBF,M15,WF02,-1.08273770606
T3-M15-WF02-test-CNY-000013,T3,CNY,LONG,2024-06-03 09:30:00+03:00,12.41,12.3808384774,0.0291615226186,2024-06-03 10:15:00+03:00,12.3808384774,ATR_TRAILING_STOP,3,-949.633224159,-1,0.0291615226186,0.011,1,0.377209384566,-0.0291615226186,-1,32564.5967317,0,-949.633224159,0.001,29.1615226186,0,T3_MTF_Trend_v1.0,0.0291615226186,CNYRUBF,M15,WF02,-1.06858352447
T3-M15-WF02-test-Si-000012,T3,Si,LONG,2024-06-03 09:30:00+03:00,90.24,90.0356397754,0.20436022457,2024-06-03 10:15:00+03:00,90.0356397754,ATR_TRAILING_STOP,3,-998.059954938,-1,0.20436022457,0.08,1,0.391465610142,-0.20436022457,-1,4883.82686523,0,-998.059954938,0.001,204.36022457,0,T3_MTF_Trend_v1.0,0.20436022457,USDRUBF,M15,WF02,-1.00978664025
T3-M15-WF02-test-Si-000013,T3,Si,SHORT,2024-06-03 15:45:00+03:00,89.1,89.377667517,0.277667517024,2024-06-03 20:15:00+03:00,89.3080402924,ATR_TRAILING_STOP,18,-740.311003068,-0.749242456116,0.23,0.21,0.828328795766,0.75630020483,-0.208040292439,-0.749242456116,3558.49818509,0,-740.311003068,0.001,277.667517024,0,T3_MTF_Trend_v1.0,0.277667517024,USDRUBF,M15,WF02,-0.756445315209
T3-M15-WF02-test-CNY-000014,T3,CNY,SHORT,2024-06-03 16:00:00+03:00,12.259,12.2974014024,0.0384014023604,2024-06-03 17:45:00+03:00,12.2921366824,ATR_TRAILING_STOP,7,-811.246874284,-0.862902925371,0.0331366824352,0.029,0.862902925371,0.755180754281,-0.0331366824352,-0.862902925371,24481.8374885,0,-811.246874284,0.001,38.4014023604,0,T3_MTF_Trend_v1.0,0.0384014023604,CNYRUBF,M15,WF02,-0.9149843567
T3-M15-WF02-test-CNY-000015,T3,CNY,SHORT,2024-06-04 10:00:00+03:00,12.251,12.2751437649,0.0241437648663,2024-06-04 10:15:00+03:00,12.2751437649,ATR_TRAILING_STOP,1,-932.024423175,-1,0.0241437648663,0,1,0,-0.0241437648663,-1,38603.1105064,0,-932.024423175,0.001,24.1437648663,0,T3_MTF_Trend_v1.0,0.0241437648663,CNYRUBF,M15,WF02,-1.08283712218
T3-M15-WF02-test-Si-000014,T3,Si,SHORT,2024-06-04 10:00:00+03:00,89.08,89.284874131,0.204874130968,2024-06-04 10:15:00+03:00,89.284874131,ATR_TRAILING_STOP,1,-980.676245358,-1,0.204874130968,0,1,0,-0.204874130968,-1,4786.72558962,0,-980.676245358,0.001,204.874130968,0,T3_MTF_Trend_v1.0,0.204874130968,USDRUBF,M15,WF02,-1.00976209144
T3-M15-WF02-test-Si-000015,T3,Si,SHORT,2024-06-04 11:15:00+03:00,88.82,89.1030999931,0.283099993138,2024-06-04 14:15:00+03:00,88.9925622297,ATR_TRAILING_STOP,12,-591.788791125,-0.609545156734,0.172562229689,0.25,0.609545156734,0.883080205084,-0.172562229689,-0.609545156734,3429.42248829,0,-591.788791125,0.001,283.099993138,0,T3_MTF_Trend_v1.0,0.283099993138,USDRUBF,M15,WF02,-0.616609798375
T3-M15-WF02-test-CNY-000016,T3,CNY,SHORT,2024-06-04 11:45:00+03:00,12.217,12.2490946644,0.0320946644005,2024-06-04 14:00:00+03:00,12.243277329,ATR_TRAILING_STOP,9,-755.458942793,-0.818744468741,0.026277328954,0.026,0.818744468741,0.810103501179,-0.026277328954,-0.818744468741,28749.4571506,0,-755.458942793,0.001,32.0946644005,0,T3_MTF_Trend_v1.0,0.0320946644005,CNYRUBF,M15,WF02,-0.881060122677
T3-M15-WF02-test-Si-000016,T3,Si,LONG,2024-06-10 09:15:00+03:00,89.45,89.2607010371,0.189298962905,2024-06-10 10:15:00+03:00,89.2607010371,ATR_TRAILING_STOP,4,-964.951594993,-1,0.189298962905,0.07,1,0.369785438472,-0.189298962905,-1,5097.50069512,0,-964.951594993,0.001,189.298962905,0,T3_MTF_Trend_v1.0,0.189298962905,USDRUBF,M15,WF02,-1.01056529824
T3-M15-WF02-test-Si-000017,T3,Si,SHORT,2024-06-10 14:00:00+03:00,88.86,89.0714780307,0.211478030717,2024-06-10 23:45:00+03:00,88.6497446528,ATR_TRAILING_STOP,39,949.778895045,0.994218390058,0.15,0.43,0.709293535086,2.03330813391,0.210255347232,0.994218390058,4517.26392479,0,949.778895045,0.001,211.478030717,0,T3_MTF_Trend_v1.0,0.211478030717,USDRUBF,M15,WF02,0.984761142924
T3-M15-WF02-test-CNY-000017,T3,CNY,SHORT,2024-06-13 11:00:00+03:00,11.965,12.041594219,0.0765942189884,2024-06-13 11:30:00+03:00,11.985,ATR_TRAILING_STOP,2,-238.960485948,-0.261116312225,0.055,0.237,0.718069858619,3.09422829987,-0.02,-0.261116312225,11948.0242974,0,-238.960485948,0.001,76.5942189884,0,T3_MTF_Trend_v1.0,0.0765942189884,CNYRUBF,M15,WF02,-0.287227943448
T3-M15-WF02-test-Si-000018,T3,Si,SHORT,2024-06-13 11:00:00+03:00,86.8,87.4581612703,0.658161270252,2024-06-13 11:30:00+03:00,87.4020120642,ATR_TRAILING_STOP,2,-882.490639124,-0.91468776935,0.602012064159,0.82,0.91468776935,1.24589524948,-0.602012064159,-0.91468776935,1465.90191736,0,-882.490639124,0.001,658.161270252,0,T3_MTF_Trend_v1.0,0.658161270252,USDRUBF,M15,WF02,-0.917726538251
T3-M15-WF02-test-CNY-000018,T3,CNY,SHORT,2024-06-14 11:45:00+03:00,12.162,12.2005181805,0.0385181805224,2024-06-14 14:00:00+03:00,12.1919920051,ATR_TRAILING_STOP,9,-710.71638692,-0.778645425816,0.0299920050745,0.041,0.778645425816,1.06443241721,-0.0299920050745,-0.778645425816,23696.8613854,0,-710.71638692,0.001,38.5181805224,0,T3_MTF_Trend_v1.0,0.0385181805224,CNYRUBF,M15,WF02,-0.830568958363
T3-M15-WF02-test-CNY-000019,T3,CNY,SHORT,2024-06-18 16:00:00+03:00,11.736,11.7826473777,0.0466473777012,2024-06-19 11:00:00+03:00,11.1244283934,ATR_TRAILING_STOP,36,11873.583853,13.1105248948,0.033,0.891,0.70743526488,19.1007521518,0.611571606628,13.1105248948,19414.8710049,0,11873.583853,0.001,46.6473777012,0,T3_MTF_Trend_v1.0,0.0466473777012,CNYRUBF,M15,WF02,13.0676500303
T3-M15-WF02-test-Si-000019,T3,Si,SHORT,2024-06-18 18:15:00+03:00,86.55,87.0099010763,0.459901076265,2024-06-18 23:30:00+03:00,85.2290709784,ATR_TRAILING_STOP,21,2745.75367583,2.87220250123,0.04,2.05,0.0869752259004,4.45748032739,1.32092902157,2.87220250123,2078.65345601,0,2745.75367583,0.001,459.901076265,0,T3_MTF_Trend_v1.0,0.459901076265,USDRUBF,M15,WF02,2.86785373994
T3-M15-WF02-test-Si-000020,T3,Si,SHORT,2024-06-19 10:15:00+03:00,83.1,83.8887936011,0.788793601103,2024-06-19 18:30:00+03:00,81.7092282999,ATR_TRAILING_STOP,33,1733.95180408,1.76316301014,0.4,2.5,0.507103505202,3.16939690751,1.3907717001,1.76316301014,1246.75516762,0,1733.95180408,0.001,788.793601103,0,T3_MTF_Trend_v1.0,0.788793601103,USDRUBF,M15,WF02,1.76062749262
T3-M15-WF02-test-CNY-000020,T3,CNY,LONG,2024-06-20 18:30:00+03:00,11.832,11.7196557641,0.112344235863,2024-06-21 11:30:00+03:00,12.1212548376,ATR_TRAILING_STOP,28,2637.51293564,2.57471899133,0.028,0.502,0.249233970795,4.46840904782,0.289254837642,2.57471899133,9118.30189994,0,2637.51293564,0.001,112.344235863,0,T3_MTF_Trend_v1.0,0.112344235863,CNYRUBF,M15,WF02,2.55691656484
T3-M15-WF02-test-Si-000021,T3,Si,SHORT,2024-06-27 18:45:00+03:00,85.7,86.1521167309,0.452116730857,2024-06-28 10:15:00+03:00,85.8681979454,ATR_TRAILING_STOP,22,-372.310479705,-0.372023271637,0.18,0.21,0.398127270492,0.464481815574,-0.168197945375,-0.372023271637,2213.5257293,0,-372.310479705,0.001,452.116730857,0,T3_MTF_Trend_v1.0,0.452116730857,USDRUBF,M15,WF02,-0.376446907976
T3-M15-WF02-test-Si-000022,T3,Si,LONG,2024-07-04 21:00:00+03:00,89.23,88.9810419046,0.248958095419,2024-07-05 10:15:00+03:00,88.9924431859,ATR_TRAILING_STOP,13,-951.388074013,-0.954204014407,0.237556814068,0.06,0.954204014407,0.241004414414,-0.237556814068,-0.954204014407,4004.88648472,0,-951.388074013,0.001,248.958095419,0,T3_MTF_Trend_v1.0,0.248958095419,USDRUBF,M15,WF02,-0.962237494887
T3-M15-WF02-test-CNY-000021,T3,CNY,LONG,2024-07-05 19:45:00+03:00,12.016,11.9631135722,0.0528864277536,2024-07-08 10:15:00+03:00,11.9719762145,ATR_TRAILING_STOP,18,-874.678091086,-0.832421235406,0.0440237855269,0.000999999999999,0.832421235406,0.018908442912,-0.0440237855269,-0.832421235406,19868.3071121,0,-874.678091086,0.001,52.8864277536,0,T3_MTF_Trend_v1.0,0.0528864277536,CNYRUBF,M15,WF02,-0.87023812123
T3-M15-WF02-test-Si-000023,T3,Si,LONG,2024-07-05 19:45:00+03:00,88.78,88.372118398,0.40788160196,2024-07-08 10:15:00+03:00,88.4815752444,ATR_TRAILING_STOP,18,-722.525602666,-0.731645541763,0.298424755641,0.04,0.731645541763,0.0980676740696,-0.298424755641,-0.731645541763,2421.13158848,0,-722.525602666,0.001,407.88160196,0,T3_MTF_Trend_v1.0,0.40788160196,USDRUBF,M15,WF02,-0.736548925466
T3-M15-WF02-test-CNY-000022,T3,CNY,LONG,2024-07-08 10:30:00+03:00,12.027,11.9924693302,0.0345306698368,2024-07-08 11:45:00+03:00,11.9924693302,ATR_TRAILING_STOP,5,-1042.01700776,-1,0.0345306698368,0.009,1,0.260637863167,-0.0345306698368,-1,30176.5651429,0,-1042.01700776,0.001,34.5306698368,0,T3_MTF_Trend_v1.0,0.0345306698368,CNYRUBF,M15,WF02,-1.05791952515
T3-M15-WF02-test-CNY-000023,T3,CNY,LONG,2024-07-09 12:00:00+03:00,11.975,11.9406636413,0.0343363587456,2024-07-09 13:00:00+03:00,11.9406636413,ATR_TRAILING_STOP,4,-1031.59683768,-1,0.0343363587456,0.008,1,0.23298917801,-0.0343363587456,-1,30043.8624062,0,-1031.59683768,0.001,34.3363587456,0,T3_MTF_Trend_v1.0,0.0343363587456,CNYRUBF,M15,WF02,-1.0582472945
T3-M15-WF02-test-Si-000024,T3,Si,LONG,2024-07-15 22:30:00+03:00,88.57,88.3962286322,0.173771367813,2024-07-16 10:15:00+03:00,88.3962286322,ATR_TRAILING_STOP,7,-980.309774838,-1,0.173771367813,0.02,1,0.115093759413,-0.173771367813,-1,5641.37686878,0,-980.309774838,0.001,173.771367813,0,T3_MTF_Trend_v1.0,0.173771367813,USDRUBF,M15,WF02,-1.01150937594
T3-M15-WF02-test-Si-000025,T3,Si,LONG,2024-07-16 17:15:00+03:00,88.62,88.3732004373,0.246799562677,2024-07-16 18:15:00+03:00,88.3732004373,ATR_TRAILING_STOP,4,-970.506677089,-1,0.246799562677,0.03,1,0.121556131115,-0.246799562677,-1,3932.36789629,0,-970.506677089,0.001,246.799562677,0,T3_MTF_Trend_v1.0,0.246799562677,USDRUBF,M15,WF02,-1.00810374207
T3-M15-WF02-test-Si-000026,T3,Si,SHORT,2024-07-23 20:00:00+03:00,87.31,87.538324276,0.228324275995,2024-07-24 11:00:00+03:00,87.180571211,ATR_TRAILING_STOP,19,544.643745482,0.56686389743,0.08,0.48,0.350378862044,2.10227317226,0.129428788968,0.56686389743,4208.05718591,0,544.643745482,0.001,228.324275995,0,T3_MTF_Trend_v1.0,0.228324275995,USDRUBF,M15,WF02,0.558104425878
T3-M15-WF02-test-CNY-000024,T3,CNY,SHORT,2024-07-23 21:15:00+03:00,11.873,11.8918711992,0.0188711991964,2024-07-24 11:00:00+03:00,11.8316239049,ATR_TRAILING_STOP,15,2239.211928,2.1925525047,0.006,0.079,0.317944818321,4.18627344122,0.0413760950648,2.1925525047,54118.4934077,0,2239.211928,0.001,18.8711991964,0,T3_MTF_Trend_v1.0,0.0188711991964,CNYRUBF,M15,WF02,2.08657089859
T3-M15-WF02-test-Si-000027,T3,Si,SHORT,2024-07-25 13:00:00+03:00,85.83,86.0933863607,0.263386360718,2024-07-25 14:15:00+03:00,86.0933863607,ATR_TRAILING_STOP,5,-966.248047773,-1,0.263386360718,0.07,1,0.265769266902,-0.263386360718,-1,3668.55764717,0,-966.248047773,0.001,263.386360718,0,T3_MTF_Trend_v1.0,0.263386360718,USDRUBF,M15,WF02,-1.00759340763
T3-M15-WF02-test-CNY-000025,T3,CNY,SHORT,2024-07-25 21:00:00+03:00,11.736,11.7595329649,0.0235329648679,2024-07-26 11:00:00+03:00,11.7238998921,ATR_TRAILING_STOP,16,536.632583004,0.514176939398,0.006,0.058,0.254961499058,2.46462782423,0.0121001078507,0.514176939398,44349.4049495,0,536.632583004,0.001,23.5329648679,0,T3_MTF_Trend_v1.0,0.0235329648679,CNYRUBF,M15,WF02,0.429189773045
T3-M15-WF02-test-Si-000028,T3,Si,SHORT,2024-07-25 23:15:00+03:00,86,86.1918621774,0.191862177371,2024-07-26 10:15:00+03:00,86.1918621774,ATR_TRAILING_STOP,4,-956.585567295,-1,0.191862177371,0,1,0,-0.191862177371,-1,4985.79543088,0,-956.585567295,0.001,191.862177371,0,T3_MTF_Trend_v1.0,0.191862177371,USDRUBF,M15,WF02,-1.01042414939
T3-M15-WF02-test-CNY-000026,T3,CNY,LONG,2024-07-29 11:00:00+03:00,11.9,11.863483588,0.0365164119959,2024-07-29 11:30:00+03:00,11.863483588,ATR_TRAILING_STOP,2,-1049.03931442,-1,0.0365164119959,0.000999999999999,1,0.0273849468045,-0.0365164119959,-1,28727.8858212,0,-1049.03931442,0.001,36.5164119959,0,T3_MTF_Trend_v1.0,0.0365164119959,CNYRUBF,M15,WF02,-1.05476989361
T3-M15-WF02-test-Si-000029,T3,Si,SHORT,2024-07-29 14:00:00+03:00,86.7,86.9794082903,0.279408290337,2024-07-30 10:15:00+03:00,86.53,ATR_TRAILING_STOP,41,576.193894539,0.608428618187,0.13,0.38,0.46526894332,1.36001691124,0.17,0.608428618187,3389.37585023,0,576.193894539,0.001,279.408290337,0,T3_MTF_Trend_v1.0,0.279408290337,USDRUBF,M15,WF02,0.601270634444
T3-M15-WF02-test-CNY-000027,T3,CNY,SHORT,2024-07-29 17:00:00+03:00,11.8,11.8359998673,0.0359998672646,2024-07-30 10:15:00+03:00,11.7903890468,ATR_TRAILING_STOP,29,277.263384573,0.266971905601,0.021,0.029,0.583335484147,0.805558525727,0.00961095316502,0.266971905601,28848.6875143,0,277.263384573,0.001,35.9998672646,0,T3_MTF_Trend_v1.0,0.0359998672646,CNYRUBF,M15,WF02,0.211416145207
T3-M15-WF02-test-Si-000030,T3,Si,SHORT,2024-07-31 21:45:00+03:00,85.81,86.0223194948,0.212319494773,2024-08-01 00:00:00+03:00,86.0223194948,ATR_TRAILING_STOP,9,-952.781650568,-1,0.212319494773,0,1,0,-0.212319494773,-1,4487.49019296,0,-952.781650568,0.001,212.319494773,0,T3_MTF_Trend_v1.0,0.212319494773,USDRUBF,M15,WF02,-1.0094197662
T3-M15-WF03-test-CNY-000001,T3,CNY,SHORT,2024-08-01 11:15:00+03:00,11.777,11.8107523393,0.0337523393191,2024-08-01 21:45:00+03:00,11.7607492876,ATR_TRAILING_STOP,42,481.469216218,0.481469216218,0.02,0.047,0.592551520975,1.39249607429,0.0162507123575,0.481469216218,29627.5760487,0,481.469216218,0.001,33.7523393191,0,T3_MTF_Trend_v1.0,0.0337523393191,CNYRUBF,M15,WF03,0.42221406412
T3-M15-WF03-test-Si-000001,T3,Si,SHORT,2024-08-01 15:45:00+03:00,85.5,85.7658884554,0.265888455365,2024-08-01 16:30:00+03:00,85.7658884554,ATR_TRAILING_STOP,3,-1000,-1,0.265888455365,0.08,1,0.300878050122,-0.265888455365,-1,3760.97562652,0,-1000,0.001,265.888455365,0,T3_MTF_Trend_v1.0,0.265888455365,USDRUBF,M15,WF03,-1.00752195125
T3-M15-WF03-test-Si-000002,T3,Si,SHORT,2024-08-02 18:45:00+03:00,85.51,85.7513925529,0.241392552854,2024-08-02 23:45:00+03:00,85.6959148518,ATR_TRAILING_STOP,20,-762.474654301,-0.770176418486,0.19,0.03,0.787099675418,0.124278896119,-0.185914851807,-0.770176418486,4101.20357192,0,-762.474654301,0.001,241.392552854,0,T3_MTF_Trend_v1.0,0.241392552854,USDRUBF,M15,WF03,-0.778461678227
T3-M15-WF03-test-Si-000003,T3,Si,SHORT,2024-08-05 13:00:00+03:00,85.07,85.3801938964,0.310193896435,2024-08-05 15:45:00+03:00,85.2364525278,ATR_TRAILING_STOP,11,-527.150424436,-0.536608004509,0.166452527777,0.34,0.536608004509,1.0960886204,-0.166452527777,-0.536608004509,3166.97157729,0,-527.150424436,0.001,310.193896435,0,T3_MTF_Trend_v1.0,0.310193896435,USDRUBF,M15,WF03,-0.543055584629
T3-M15-WF03-test-Si-000004,T3,Si,LONG,2024-08-08 15:45:00+03:00,86.69,86.4109307351,0.279069264892,2024-08-08 23:15:00+03:00,86.6770828107,ATR_TRAILING_STOP,30,-45.2268870014,-0.0462866783981,0.15,0.19,0.537500967934,0.680834559383,-0.0129171893148,-0.0462866783981,3501.29473983,0,-45.2268870014,0.001,279.069264892,0,T3_MTF_Trend_v1.0,0.279069264892,USDRUBF,M15,WF03,-0.0534533579706
T3-M15-WF03-test-Si-000005,T3,Si,LONG,2024-08-09 14:30:00+03:00,87.39,87.0695023216,0.320497678364,2024-08-09 17:45:00+03:00,87.1740722222,ATR_TRAILING_STOP,13,-657.995979618,-0.673726495953,0.3,0.28,0.93604422201,0.873641273876,-0.215927777805,-0.673726495953,3047.29658364,0,-657.995979618,0.001,320.497678364,0,T3_MTF_Trend_v1.0,0.320497678364,USDRUBF,M15,WF03,-0.679966790766
T3-M15-WF03-test-Si-000006,T3,Si,LONG,2024-08-12 12:00:00+03:00,87.59,87.3564472299,0.23355277006,2024-08-12 21:45:00+03:00,89.0548122173,ATR_TRAILING_STOP,39,6084.16082834,6.2718683102,0.05,1.91,0.214084380104,8.17802331999,1.4648122173,6.2718683102,4153.54320266,0,6084.16082834,0.001,233.55277006,0,T3_MTF_Trend_v1.0,0.23355277006,USDRUBF,M15,WF03,6.263304935
T3-M15-WF03-test-Si-000007,T3,Si,LONG,2024-08-13 10:30:00+03:00,89.88,89.347664463,0.532335537041,2024-08-13 12:45:00+03:00,89.347664463,ATR_TRAILING_STOP,9,-1030.91312883,-1,0.532335537041,0.21,1,0.39448803506,-0.532335537041,-1,1936.58521195,0,-1030.91312883,0.001,532.335537041,0,T3_MTF_Trend_v1.0,0.532335537041,USDRUBF,M15,WF03,-1.00375702891
T3-M15-WF03-test-CNY-000002,T3,CNY,LONG,2024-08-13 11:45:00+03:00,12.043,11.9983911699,0.0446088300835,2024-08-13 14:15:00+03:00,12.0372077189,ATR_TRAILING_STOP,10,-130.471236011,-0.129846067169,0.026,0.081,0.582844247458,1.8157840017,-0.00579228114735,-0.129846067169,22525.0178111,0,-130.471236011,0.001,44.6088300835,0,T3_MTF_Trend_v1.0,0.0446088300835,CNYRUBF,M15,WF03,-0.174680240051
T3-M15-WF03-test-CNY-000003,T3,CNY,LONG,2024-08-13 19:45:00+03:00,12.119,12.0774683163,0.0415316837057,2024-08-14 10:30:00+03:00,12.086312917,ATR_TRAILING_STOP,19,-789.802170944,-0.787039677573,0.0326870829528,0.018,0.787039677573,0.433404051893,-0.0326870829528,-0.787039677573,24162.5161867,0,-789.802170944,0.001,41.5316837057,0,T3_MTF_Trend_v1.0,0.0415316837057,CNYRUBF,M15,WF03,-0.835195683339
T3-M15-WF03-test-Si-000008,T3,Si,LONG,2024-08-20 13:45:00+03:00,89.38,89.1152400362,0.264759963792,2024-08-21 10:45:00+03:00,89.7921853161,ATR_TRAILING_STOP,44,1588.9033045,1.55682645603,0.12,0.64,0.453240732781,2.41728390817,0.412185316128,1.55682645603,3854.82753104,0,1588.9033045,0.001,264.759963792,0,T3_MTF_Trend_v1.0,0.264759963792,USDRUBF,M15,WF03,1.54927244382
T3-M15-WF03-test-CNY-000004,T3,CNY,SHORT,2024-08-22 11:45:00+03:00,11.934,11.9757553133,0.0417553133486,2024-08-23 13:00:00+03:00,11.7607971777,ATR_TRAILING_STOP,61,4129.84090481,4.14804268997,0.033,0.259,0.790318581122,6.20280340941,0.173202822303,4.14804268997,23843.9584869,0,4129.84090481,0.001,41.7553133486,0,T3_MTF_Trend_v1.0,0.0417553133486,CNYRUBF,M15,WF03,4.10014459414
T3-M15-WF03-test-Si-000009,T3,Si,LONG,2024-08-23 13:15:00+03:00,89.48,89.1152332659,0.364766734124,2024-08-26 10:15:00+03:00,89.7480750453,ATR_TRAILING_STOP,44,761.741381833,0.734921856061,0,0.48,0,1.31590947062,0.268075045272,0.734921856061,2841.52290662,0,761.741381833,0.001,364.766734124,0,T3_MTF_Trend_v1.0,0.364766734124,USDRUBF,M15,WF03,0.729438899933
T3-M15-WF03-test-CNY-000005,T3,CNY,SHORT,2024-08-26 12:00:00+03:00,11.678,11.7255348635,0.0475348634836,2024-08-26 14:00:00+03:00,11.7255348635,ATR_TRAILING_STOP,8,-1036.91036714,-1,0.0475348634836,0.045,1,0.946673592856,-0.0475348634836,-1,21813.681394,0,-1036.91036714,0.001,47.5348634836,0,T3_MTF_Trend_v1.0,0.0475348634836,CNYRUBF,M15,WF03,-1.0420743819
T3-M15-WF03-test-CNY-000006,T3,CNY,LONG,2024-08-30 11:45:00+03:00,12.046,12.0098460502,0.0361539498431,2024-08-30 12:00:00+03:00,12.0098460502,ATR_TRAILING_STOP,1,-1026.54126347,-1,0.0361539498431,0,1,0,-0.0361539498431,-1,28393.6130886,0,-1026.54126347,0.001,36.1539498431,0,T3_MTF_Trend_v1.0,0.0361539498431,CNYRUBF,M15,WF03,-1.05531899028
T3-M15-WF03-test-CNY-000007,T3,CNY,LONG,2024-08-30 17:00:00+03:00,12.052,12.0149122059,0.0370877941024,2024-08-30 18:00:00+03:00,12.0149122059,ATR_TRAILING_STOP,4,-1016.27585083,-1,0.0370877941024,0.004,1,0.107852194956,-0.0370877941024,-1,27401.8952982,0,-1016.27585083,0.001,37.0877941024,0,T3_MTF_Trend_v1.0,0.0370877941024,CNYRUBF,M15,WF03,-1.05392609748
T3-M15-WF03-test-Si-000010,T3,Si,SHORT,2024-09-02 12:15:00+03:00,90.09,90.3463878691,0.256387869065,2024-09-02 22:45:00+03:00,89.197367533,ATR_TRAILING_STOP,42,3635.14422579,3.48157059942,0,1.17,0,4.56339843327,0.892632466985,3.48157059942,4072.38629586,0,3635.14422579,0.001,256.387869065,0,T3_MTF_Trend_v1.0,0.256387869065,USDRUBF,M15,WF03,3.47376991834
T3-M15-WF03-test-CNY-000008,T3,CNY,LONG,2024-09-03 13:00:00+03:00,12.103,12.0608727043,0.0421272956811,2024-09-03 16:30:00+03:00,12.0903182379,ATR_TRAILING_STOP,14,-302.874576408,-0.301034325781,0.0126817620523,0.064,0.301034325781,1.51920504189,-0.0126817620523,-0.301034325781,23882.6887903,0,-302.874576408,0.001,42.1272956811,0,T3_MTF_Trend_v1.0,0.0421272956811,CNYRUBF,M15,WF03,-0.34850948334
T3-M15-WF03-test-Si-000011,T3,Si,SHORT,2024-09-03 14:45:00+03:00,88.61,88.891526777,0.281526777042,2024-09-04 10:15:00+03:00,87.9688876381,ATR_TRAILING_STOP,38,2460.50297361,2.27726956775,0.19,0.94,0.67489139753,3.33893638778,0.641112361865,2.27726956775,3837.8654351,0,2460.50297361,0.001,281.526777042,0,T3_MTF_Trend_v1.0,0.281526777042,USDRUBF,M15,WF03,2.27016544778
T3-M15-WF03-test-CNY-000009,T3,CNY,LONG,2024-09-04 11:45:00+03:00,12.161,12.1132929751,0.0477070249006,2024-09-04 14:30:00+03:00,12.1798581091,ATR_TRAILING_STOP,11,396.509195866,0.395289984561,0.03,0.128,0.628838207004,2.68304301655,0.0188581091364,0.395289984561,21025.9253989,0,396.509195866,0.001,47.7070249006,0,T3_MTF_Trend_v1.0,0.0477070249006,CNYRUBF,M15,WF03,0.353367437428
T3-M15-WF03-test-CNY-000010,T3,CNY,LONG,2024-09-04 15:15:00+03:00,12.325,12.2331133347,0.091886665306,2024-09-04 16:30:00+03:00,12.2331133347,ATR_TRAILING_STOP,5,-1007.04943852,-1,0.091886665306,0.032,1,0.348255102016,-0.091886665306,-1,10959.6907796,0,-1007.04943852,0.001,91.886665306,0,T3_MTF_Trend_v1.0,0.091886665306,CNYRUBF,M15,WF03,-1.02176594388
T3-M15-WF03-test-CNY-000011,T3,CNY,LONG,2024-09-04 17:45:00+03:00,12.374,12.2762906763,0.0977093237219,2024-09-05 10:15:00+03:00,12.3602869765,ATR_TRAILING_STOP,26,-139.921096249,-0.140345086596,0.022,0.049,0.225157632476,0.50148745415,-0.013713023499,-0.140345086596,10203.5190313,0,-139.921096249,0.001,97.7093237219,0,T3_MTF_Trend_v1.0,0.0977093237219,CNYRUBF,M15,WF03,-0.160813962276
T3-M15-WF03-test-CNY-000012,T3,CNY,LONG,2024-09-05 13:45:00+03:00,12.437,12.3621510658,0.0748489342221,2024-09-05 17:15:00+03:00,12.371045281,ATR_TRAILING_STOP,14,-877.276105921,-0.88117111738,0.0659547190032,0.051,0.88117111738,0.68137242741,-0.0659547190032,-0.88117111738,13301.1878328,0,-877.276105921,0.001,74.8489342221,0,T3_MTF_Trend_v1.0,0.0748489342221,CNYRUBF,M15,WF03,-0.90789160473
T3-M15-WF03-test-Si-000012,T3,Si,LONG,2024-09-06 17:00:00+03:00,89.79,89.4846349694,0.305365030635,2024-09-06 23:45:00+03:00,89.730656102,ATR_TRAILING_STOP,27,-214.756019092,-0.194337569883,0.17,0.17,0.556710765625,0.556710765625,-0.0593438979811,-0.194337569883,3618.83911232,0,-214.756019092,0.001,305.365030635,0,T3_MTF_Trend_v1.0,0.305365030635,USDRUBF,M15,WF03,-0.200887108303
T3-M15-WF03-test-Si-000013,T3,Si,LONG,2024-09-11 18:30:00+03:00,90.45,90.2161298802,0.233870119796,2024-09-12 21:00:00+03:00,90.7306986977,ATR_TRAILING_STOP,66,1323.76050106,1.20023326602,0.17,0.51,0.726899187243,2.18069756173,0.280698697707,1.20023326602,4715.94813896,0,1323.76050106,0.001,233.870119796,0,T3_MTF_Trend_v1.0,0.233870119796,USDRUBF,M15,WF03,1.19168151088
T3-M15-WF03-test-Si-000014,T3,Si,LONG,2024-09-13 15:45:00+03:00,90.65,90.4225658866,0.227434113402,2024-09-13 22:00:00+03:00,90.8930781501,ATR_TRAILING_STOP,25,1192.93172577,1.06878491755,0.02,0.5,0.0879375556326,2.19843889081,0.24307815014,1.06878491755,4907.60574359,0,1192.93172577,0.001,227.434113402,0,T3_MTF_Trend_v1.0,0.227434113402,USDRUBF,M15,WF03,1.05999116199
T3-M15-WF03-test-Si-000015,T3,Si,LONG,2024-09-16 13:30:00+03:00,91.33,91.1584528423,0.171547157665,2024-09-16 14:15:00+03:00,91.1584528423,ATR_TRAILING_STOP,3,-1128.08627848,-1,0.171547157665,0.02,1,0.116586017934,-0.171547157665,-1,6575.95435466,0,-1128.08627848,0.001,171.547157665,0,T3_MTF_Trend_v1.0,0.171547157665,USDRUBF,M15,WF03,-1.01165860179
T3-M15-WF03-test-CNY-000013,T3,CNY,LONG,2024-09-16 17:00:00+03:00,12.851,12.8197965604,0.0312034396143,2024-09-17 11:15:00+03:00,12.9086776201,ATR_TRAILING_STOP,33,1824.05139679,1.84843788942,0.011,0.093,0.352525238755,2.98044065493,0.0576776200632,1.84843788942,31624.9421318,0,1824.05139679,0.001,31.2034396143,0,T3_MTF_Trend_v1.0,0.0312034396143,CNYRUBF,M15,WF03,1.78434239146
T3-M15-WF03-test-Si-000016,T3,Si,LONG,2024-09-17 18:00:00+03:00,91.44,91.1262597722,0.313740227826,2024-09-18 00:00:00+03:00,91.3140829565,ATR_TRAILING_STOP,24,-448.220609566,-0.4013417228,0.28,0.11,0.892458075715,0.350608529745,-0.125917043547,-0.4013417228,3559.6500437,0,-448.220609566,0.001,313.740227826,0,T3_MTF_Trend_v1.0,0.313740227826,USDRUBF,M15,WF03,-0.407716423341
T3-M15-WF03-test-CNY-000014,T3,CNY,LONG,2024-09-18 16:30:00+03:00,12.937,12.9023140707,0.0346859292667,2024-09-19 12:00:00+03:00,13.0174218067,ATR_TRAILING_STOP,38,2330.27444761,2.31857149028,0.015,0.173,0.432452014898,4.98761323849,0.0804218067117,2.31857149028,28975.6540283,0,2330.27444761,0.001,34.6859292667,0,T3_MTF_Trend_v1.0,0.0346859292667,CNYRUBF,M15,WF03,2.26091122163
T3-M15-WF03-test-Si-000017,T3,Si,LONG,2024-09-19 13:45:00+03:00,92.69,92.419682299,0.270317700985,2024-09-19 16:30:00+03:00,92.5329860153,ATR_TRAILING_STOP,11,-646.092722534,-0.580849807826,0.157013984669,0.21,0.580849807826,0.776863665363,-0.157013984669,-0.580849807826,4114.87374131,0,-646.092722534,0.001,270.317700985,0,T3_MTF_Trend_v1.0,0.270317700985,USDRUBF,M15,WF03,-0.588248509401
T3-M15-WF03-test-CNY-000015,T3,CNY,LONG,2024-09-20 12:00:00+03:00,13.023,12.9729362851,0.0500637149422,2024-09-20 21:15:00+03:00,13.0374874092,ATR_TRAILING_STOP,37,297.583400681,0.289379427201,0.028,0.076,0.559287300839,1.51806553085,0.0144874091535,0.289379427201,20540.8294559,0,297.583400681,0.001,50.0637149422,0,T3_MTF_Trend_v1.0,0.0500637149422,CNYRUBF,M15,WF03,0.249430334284
T3-M15-WF03-test-Si-000018,T3,Si,LONG,2024-09-20 12:15:00+03:00,92.94,92.6792035609,0.2607964391,2024-09-20 13:15:00+03:00,92.6792035609,ATR_TRAILING_STOP,4,-1105.86228237,-1,0.2607964391,0.02,1,0.076688163646,-0.2607964391,-1,4240.32738402,0,-1105.86228237,0.001,260.7964391,0,T3_MTF_Trend_v1.0,0.2607964391,USDRUBF,M15,WF03,-1.00766881636
T3-M15-WF03-test-Si-000019,T3,Si,LONG,2024-09-25 18:45:00+03:00,92.47,92.1885606842,0.28143931585,2024-09-25 21:45:00+03:00,92.1885606842,ATR_TRAILING_STOP,12,-1094.80365955,-1,0.28143931585,0.03,1,0.106594915175,-0.28143931585,-1,3890.0167741,0,-1094.80365955,0.001,281.43931585,0,T3_MTF_Trend_v1.0,0.28143931585,USDRUBF,M15,WF03,-1.00710632768
T3-M15-WF03-test-CNY-000016,T3,CNY,LONG,2024-10-01 15:15:00+03:00,13.256,13.2138130911,0.0421869089203,2024-10-01 21:15:00+03:00,13.2805332532,ATR_TRAILING_STOP,24,599.754381563,0.581537112432,0.004,0.072,0.0948161432628,1.70669057873,0.0245332531959,0.581537112432,24446.5899721,0,599.754381563,0.001,42.1869089203,0,T3_MTF_Trend_v1.0,0.0421869089203,CNYRUBF,M15,WF03,0.5341290408
T3-M15-WF03-test-Si-000020,T3,Si,LONG,2024-10-01 16:00:00+03:00,93.65,93.4426285571,0.207371442914,2024-10-01 16:15:00+03:00,93.4426285571,ATR_TRAILING_STOP,1,-1083.85562295,-1,0.207371442914,0,1,0,-0.207371442914,-1,5226.6387682,0,-1083.85562295,0.001,207.371442914,0,T3_MTF_Trend_v1.0,0.207371442914,USDRUBF,M15,WF03,-1.00964452951
T3-M15-WF03-test-Si-000021,T3,Si,LONG,2024-10-01 16:45:00+03:00,93.68,93.4526767274,0.227323272625,2024-10-03 10:30:00+03:00,94.9914299589,ATR_TRAILING_STOP,87,6190.24489402,5.76900879399,0.02,1.65,0.0879804331914,7.25838573829,1.31142995885,5.76900879399,4720.2253176,0,6190.24489402,0.001,227.323272625,0,T3_MTF_Trend_v1.0,0.227323272625,USDRUBF,M15,WF03,5.76021075067
T3-M15-WF03-test-CNY-000017,T3,CNY,LONG,2024-10-02 12:45:00+03:00,13.396,13.3529375087,0.0430624912871,2024-10-03 10:30:00+03:00,13.5013167309,ATR_TRAILING_STOP,47,2536.95334413,2.44567203873,0.016,0.159,0.371553050504,3.69230843938,0.105316730859,2.44567203873,24088.7969408,0,2536.95334413,0.001,43.0624912871,0,T3_MTF_Trend_v1.0,0.0430624912871,CNYRUBF,M15,WF03,2.39922790741
T3-M15-WF03-test-Si-000022,T3,Si,LONG,2024-10-03 12:15:00+03:00,95.35,94.9729237518,0.377076248235,2024-10-03 15:15:00+03:00,94.9729237518,ATR_TRAILING_STOP,12,-1134.91951566,-1,0.377076248235,0.09,1,0.23867851773,-0.377076248235,-1,3009.78786379,0,-1134.91951566,0.001,377.076248235,0,T3_MTF_Trend_v1.0,0.377076248235,USDRUBF,M15,WF03,-1.00530396706
T3-M15-WF03-test-Si-000023,T3,Si,LONG,2024-10-04 15:45:00+03:00,95.51,95.2533251218,0.256674878201,2024-10-04 18:45:00+03:00,95.2533251218,ATR_TRAILING_STOP,12,-1123.57032051,-1,0.256674878201,0.11,1,0.428557717727,-0.256674878201,-1,4377.40665693,0,-1123.57032051,0.001,256.674878201,0,T3_MTF_Trend_v1.0,0.256674878201,USDRUBF,M15,WF03,-1.0077919585
T3-M15-WF03-test-Si-000024,T3,Si,LONG,2024-10-07 11:15:00+03:00,96,95.7066415355,0.293358464454,2024-10-07 23:45:00+03:00,96.002220481,ATR_TRAILING_STOP,50,8.41945334032,0.00756917316909,0.19,0.19,0.647671783917,0.647671783917,0.00222048101807,0.00756917316909,3791.72497842,0,8.41945334032,0.001,293.358464454,0,T3_MTF_Trend_v1.0,0.293358464454,USDRUBF,M15,WF03,0.000751575443652
T3-M15-WF03-test-CNY-000018,T3,CNY,LONG,2024-10-07 11:45:00+03:00,13.577,13.5357914655,0.0412085345017,2024-10-07 13:30:00+03:00,13.5357914655,ATR_TRAILING_STOP,7,-1062.69314182,-1,0.0412085345017,0.005,1,0.121334089175,-0.0412085345017,-1,25788.1808871,0,-1062.69314182,0.001,41.2085345017,0,T3_MTF_Trend_v1.0,0.0412085345017,CNYRUBF,M15,WF03,-1.04853363567
T3-M15-WF03-test-CNY-000019,T3,CNY,LONG,2024-10-08 13:45:00+03:00,13.6,13.5586964278,0.0413035722033,2024-10-08 21:45:00+03:00,13.6489471846,ATR_TRAILING_STOP,32,1246.7609045,1.1850593548,0.019,0.083,0.460008638151,2.00951141929,0.048947184626,1.1850593548,25471.5549838,0,1246.7609045,0.001,41.3035722033,0,T3_MTF_Trend_v1.0,0.0413035722033,CNYRUBF,M15,WF03,1.13663739289
T3-M15-WF03-test-Si-000025,T3,Si,LONG,2024-10-09 12:45:00+03:00,96.8,96.5763713112,0.223628688827,2024-10-09 13:30:00+03:00,96.5763713112,ATR_TRAILING_STOP,3,-1112.41881183,-1,0.223628688827,0.04,1,0.178867927053,-0.223628688827,-1,4974.40117219,0,-1112.41881183,0.001,223.628688827,0,T3_MTF_Trend_v1.0,0.223628688827,USDRUBF,M15,WF03,-1.00894339635
T3-M15-WF03-test-CNY-000020,T3,CNY,SHORT,2024-10-11 10:15:00+03:00,13.409,13.4467973068,0.0377973067944,2024-10-11 10:30:00+03:00,13.4467973068,ATR_TRAILING_STOP,1,-1064.53381945,-1,0.0377973067944,0,1,0,-0.0377973067944,-1,28164.2770274,0,-1064.53381945,0.001,37.7973067944,0,T3_MTF_Trend_v1.0,0.0377973067944,CNYRUBF,M15,WF03,-1.05291382296
T3-M15-WF03-test-Si-000026,T3,Si,SHORT,2024-10-11 10:15:00+03:00,95.12,95.3751535285,0.255153528476,2024-10-11 10:30:00+03:00,95.3751535285,ATR_TRAILING_STOP,1,-1101.29462372,-1,0.255153528476,0,1,0,-0.255153528476,-1,4316.20377854,0,-1101.29462372,0.001,255.153528476,0,T3_MTF_Trend_v1.0,0.255153528476,USDRUBF,M15,WF03,-1.00783841796
T3-M15-WF03-test-Si-000027,T3,Si,SHORT,2024-10-11 13:30:00+03:00,94.96,95.2938667222,0.333866722206,2024-10-11 21:30:00+03:00,94.822986276,ATR_TRAILING_STOP,32,447.434688348,0.41038448833,0.31,0.55,0.928514222538,1.64736394321,0.137013723963,0.41038448833,3265.61949713,0,447.434688348,0.001,333.866722206,0,T3_MTF_Trend_v1.0,0.333866722206,USDRUBF,M15,WF03,0.404394073991
T3-M15-WF03-test-CNY-000021,T3,CNY,SHORT,2024-10-18 11:45:00+03:00,13.426,13.4547584124,0.028758412405,2024-10-18 12:45:00+03:00,13.4547584124,ATR_TRAILING_STOP,4,-1053.88848125,-1,0.028758412405,0.011,1,0.382496775034,-0.028758412405,-1,36646.2677568,0,-1053.88848125,0.001,28.758412405,0,T3_MTF_Trend_v1.0,0.028758412405,CNYRUBF,M15,WF03,-1.06954486819
T3-M15-WF03-test-Si-000028,T3,Si,SHORT,2024-10-18 11:45:00+03:00,95.47,95.7265976176,0.25659761763,2024-10-18 12:30:00+03:00,95.7265976176,ATR_TRAILING_STOP,3,-1094.75602436,-1,0.25659761763,0.05,1,0.194857615833,-0.25659761763,-1,4266.43097653,0,-1094.75602436,0.001,256.59761763,0,T3_MTF_Trend_v1.0,0.25659761763,USDRUBF,M15,WF03,-1.00779430463
T3-M15-WF03-test-CNY-000022,T3,CNY,SHORT,2024-10-18 16:00:00+03:00,13.412,13.4485954634,0.0365954634459,2024-10-18 17:00:00+03:00,13.4048228528,ATR_TRAILING_STOP,4,204.62300322,0.196121227169,0,0.085,0,2.32269226828,0.00717714719982,0.196121227169,28510.3534208,0,204.62300322,0.001,36.5954634459,0,T3_MTF_Trend_v1.0,0.0365954634459,CNYRUBF,M15,WF03,0.141469644386
T3-M15-WF03-test-Si-000029,T3,Si,LONG,2024-10-28 11:45:00+03:00,97.5,97.2783533242,0.22164667577,2024-10-28 17:00:00+03:00,97.2783533242,ATR_TRAILING_STOP,21,-1083.80846412,-1,0.22164667577,0.11,1,0.496285358749,-0.22164667577,-1,4889.80247664,0,-1083.80846412,0.001,221.64667577,0,T3_MTF_Trend_v1.0,0.22164667577,USDRUBF,M15,WF03,-1.00902337016
T3-M15-WF03-test-CNY-000023,T3,CNY,LONG,2024-10-28 19:30:00+03:00,13.644,13.6148297185,0.0291702814786,2024-10-29 10:15:00+03:00,13.628541461,ATR_TRAILING_STOP,19,-553.998497531,-0.529941371012,0.0154585389596,0.01,0.529941371012,0.34281465564,-0.0154585389596,-0.529941371012,35837.701026,0,-553.998497531,0.001,29.1702814786,0,T3_MTF_Trend_v1.0,0.0291702814786,CNYRUBF,M15,WF03,-0.59850430214
T3-M15-WF03-test-Si-000030,T3,Si,LONG,2024-10-28 21:45:00+03:00,97.51,97.3350333487,0.174966651325,2024-10-29 10:30:00+03:00,97.4849503744,ATR_TRAILING_STOP,11,-153.615023953,-0.143168000619,0.03,0.25,0.171461245745,1.42884371454,-0.0250496256452,-0.143168000619,6132.42793042,0,-153.615023953,0.001,174.966651325,0,T3_MTF_Trend_v1.0,0.174966651325,USDRUBF,M15,WF03,-0.154598750335
