trade_id,strategy_id,symbol,direction,pullback_time,confirmation_time,entry_time,entry_price,initial_stop,initial_risk_points,initial_risk_ticks,exit_time,exit_price,exit_reason,bars_held,gross_R,cost_R_C1,net_R_C1,MAE_R,MFE_R,impulse_reference_time,setup_age_bars,quantity,instrument,strategy,timeframe_pair,net_R
T2-Si-000001,T2_Trend_Pullback_Continuation_v1.0,Si,LONG,2023-05-17 23:00:00+03:00,2023-05-18 10:00:00+03:00,2023-05-18 10:00:00+03:00,80.09,79.4804898082,0.609510191807,609.510191807,2023-05-18 15:00:00+03:00,79.540787514,ATR_TRAILING_STOP,5,-0.901071866282,0.0032813233099,-0.904353189592,0.525011729585,0.574231579233,2023-05-17 15:00:00+03:00,2,1640.66165495,USDRUBF,T2,H4_H1,-0.904353189592
T2-Si-000002,T2_Trend_Pullback_Continuation_v1.0,Si,LONG,2023-05-18 16:00:00+03:00,2023-05-18 17:00:00+03:00,2023-05-18 17:00:00+03:00,80.28,79.5341693545,0.745830645477,745.830645477,2023-05-19 12:00:00+03:00,79.71,EMA50_TREND_LOSS,10,-0.764248564278,0.00268157390975,-0.766930138188,0.603354129693,0.308380999621,2023-05-18 11:00:00+03:00,1,1328.66150528,USDRUBF,T2,H4_H1,-0.766930138188
T2-Si-000003,T2_Trend_Pullback_Continuation_v1.0,Si,LONG,2023-06-14 14:00:00+03:00,2023-06-14 17:00:00+03:00,2023-06-14 17:00:00+03:00,84.09,83.6696264633,0.420373536717,420.373536717,2023-06-15 13:00:00+03:00,83.8045149579,ATR_TRAILING_STOP,11,-0.679122297577,0.00475767341498,-0.683879970992,0.261672037824,1.28457182205,2023-06-14 12:00:00+03:00,3,2339.24459654,USDRUBF,T2,H4_H1,-0.683879970992
T2-CNY-000001,T2_Trend_Pullback_Continuation_v1.0,CNY,LONG,2023-06-16 18:00:00+03:00,2023-06-16 19:00:00+03:00,2023-06-16 19:00:00+03:00,11.8,11.7364815587,0.0635184413245,63.5184413245,2023-06-19 11:00:00+03:00,11.7364815587,INITIAL_STOP,7,-1,0.0314869187325,-1.03148691873,0.787172968312,0.472303780987,2023-06-16 10:00:00+03:00,1,15743.4593662,CNYRUBF,T2,H4_H1,-1.03148691873
T2-Si-000004,T2_Trend_Pullback_Continuation_v1.0,Si,LONG,2023-06-19 11:00:00+03:00,2023-06-19 14:00:00+03:00,2023-06-19 14:00:00+03:00,84.06,83.6145364917,0.445463508304,445.463508304,2023-06-21 10:00:00+03:00,84.4126054718,ATR_TRAILING_STOP,26,0.791547377611,0.00448970558243,0.787057672029,0.583661725715,1.95302192836,2023-06-19 10:00:00+03:00,3,2192.39405198,USDRUBF,T2,H4_H1,0.787057672029
T2-CNY-000002,T2_Trend_Pullback_Continuation_v1.0,CNY,LONG,2023-06-26 23:00:00+03:00,2023-06-27 11:00:00+03:00,2023-06-27 11:00:00+03:00,11.79,11.7249747597,0.0650252403148,65.0252403148,2023-06-29 22:00:00+03:00,12.09,ATR_TRAILING_STOP,41,4.61359309935,0.030757287329,4.58283581202,0.61514574658,7.68932183225,2023-06-26 22:00:00+03:00,3,15220.0149668,CNYRUBF,T2,H4_H1,4.58283581202
T2-Si-000005,T2_Trend_Pullback_Continuation_v1.0,Si,LONG,2023-06-27 10:00:00+03:00,2023-06-27 11:00:00+03:00,2023-06-27 11:00:00+03:00,85.06,84.4907234774,0.569276522621,569.276522621,2023-06-30 11:00:00+03:00,88.05,ATR_TRAILING_STOP,45,5.25228053712,0.00351323112851,5.24876730599,0.404021579778,16.951340195,2023-06-27 00:00:00+03:00,1,1729.0686694,USDRUBF,T2,H4_H1,5.24876730599
T2-CNY-000003,T2_Trend_Pullback_Continuation_v1.0,CNY,LONG,2023-07-03 10:00:00+03:00,2023-07-03 13:00:00+03:00,2023-07-03 13:00:00+03:00,12.33,12.2038427143,0.126157285732,126.157285732,2023-07-03 19:00:00+03:00,12.2038427143,INITIAL_STOP,6,-1,0.0158532262992,-1.0158532263,0.871927446458,0.0792661314961,2023-07-01 00:00:00+03:00,3,8204.36782078,CNYRUBF,T2,H4_H1,-1.0158532263
T2-Si-000006,T2_Trend_Pullback_Continuation_v1.0,Si,LONG,2023-07-03 10:00:00+03:00,2023-07-03 13:00:00+03:00,2023-07-03 13:00:00+03:00,89.23,88.2959541807,0.934045819288,934.045819288,2023-07-03 20:00:00+03:00,88.2959541807,INITIAL_STOP,7,-1,0.00214122258106,-1.00214122258,0.867195145327,0.331889500064,2023-07-01 00:00:00+03:00,3,1109.13485178,USDRUBF,T2,H4_H1,-1.00214122258
T2-Si-000007,T2_Trend_Pullback_Continuation_v1.0,Si,LONG,2023-07-04 18:00:00+03:00,2023-07-04 19:00:00+03:00,2023-07-04 19:00:00+03:00,89.42,88.4110279589,1.00897204107,1008.97204107,2023-07-06 13:00:00+03:00,92.1104127311,ATR_TRAILING_STOP,24,2.66648888334,0.00198221548129,2.66450666786,0.604575721793,4.21220789774,2023-07-04 16:00:00+03:00,1,1016.48085296,USDRUBF,T2,H4_H1,2.66450666786
T2-Si-000008,T2_Trend_Pullback_Continuation_v1.0,Si,LONG,2023-07-06 18:00:00+03:00,2023-07-06 20:00:00+03:00,2023-07-06 20:00:00+03:00,91.57,90.5891367795,0.980863220541,980.863220541,2023-07-10 15:00:00+03:00,90.8211602076,ATR_TRAILING_STOP,25,-0.763449762148,0.00203902028144,-0.765488782429,0.734047301318,0.305853042216,2023-07-06 16:00:00+03:00,2,1073.47073428,USDRUBF,T2,H4_H1,-0.765488782429
T2-Si-000009,T2_Trend_Pullback_Continuation_v1.0,Si,LONG,2023-07-12 18:00:00+03:00,2023-07-12 19:00:00+03:00,2023-07-12 19:00:00+03:00,90.79,90.3902920935,0.3997079065,399.7079065,2023-07-13 11:00:00+03:00,90.4952195934,ATR_TRAILING_STOP,7,-0.737489556373,0.00500365383691,-0.74249321021,0.125091345923,1.25091345923,2023-07-12 15:00:00+03:00,1,2614.07867885,USDRUBF,T2,H4_H1,-0.74249321021
T2-Si-000010,T2_Trend_Pullback_Continuation_v1.0,Si,LONG,2023-07-31 14:00:00+03:00,2023-07-31 15:00:00+03:00,2023-07-31 15:00:00+03:00,91.45,91.098032462,0.351967537958,351.967537958,2023-08-02 10:00:00+03:00,92.050632124,ATR_TRAILING_STOP,25,1.7064986377,0.00568234221714,1.70081629548,0.3977639552,3.3809936192,2023-07-31 11:00:00+03:00,1,2946.60652182,USDRUBF,T2,H4_H1,1.70081629548
T2-CNY-000004,T2_Trend_Pullback_Continuation_v1.0,CNY,LONG,2023-08-03 11:00:00+03:00,2023-08-03 13:00:00+03:00,2023-08-03 13:00:00+03:00,13.04,12.9745221939,0.0654778060709,65.4778060709,2023-08-07 18:00:00+03:00,13.3100817848,ATR_TRAILING_STOP,35,4.12478366297,0.0305447008691,4.0942389621,0.305447008691,6.87255769555,2023-08-03 10:00:00+03:00,2,15646.9243822,CNYRUBF,T2,H4_H1,4.0942389621
T2-Si-000011,T2_Trend_Pullback_Continuation_v1.0,Si,LONG,2023-08-03 11:00:00+03:00,2023-08-03 13:00:00+03:00,2023-08-03 13:00:00+03:00,93.62,93.2538095853,0.366190414749,366.190414749,2023-08-07 18:00:00+03:00,95.6151341074,ATR_TRAILING_STOP,35,5.44835153246,0.00546163940794,5.44288989305,0.436931152635,8.82054764382,2023-08-03 10:00:00+03:00,2,2880.32983264,USDRUBF,T2,H4_H1,5.44288989305
T2-Si-000012,T2_Trend_Pullback_Continuation_v1.0,Si,LONG,2023-08-08 00:00:00+03:00,2023-08-08 10:00:00+03:00,2023-08-08 10:00:00+03:00,95.65,95.0897385654,0.560261434558,560.261434558,2023-08-09 19:00:00+03:00,96.7222435277,ATR_TRAILING_STOP,24,1.91382711992,0.00356976203721,1.91025735788,0.303429773163,4.01598229186,2023-08-07 17:00:00+03:00,1,1985.06972589,USDRUBF,T2,H4_H1,1.91025735788
T2-CNY-000005,T2_Trend_Pullback_Continuation_v1.0,CNY,LONG,2023-08-08 00:00:00+03:00,2023-08-08 11:00:00+03:00,2023-08-08 11:00:00+03:00,13.29,13.213996717,0.0760032829568,76.0032829568,2023-08-09 20:00:00+03:00,13.4048542617,ATR_TRAILING_STOP,24,1.51117500787,0.0263146527649,1.4848603551,0.526293055298,3.81562465091,2023-08-07 16:00:00+03:00,2,14031.9311609,CNYRUBF,T2,H4_H1,1.4848603551
T2-CNY-000006,T2_Trend_Pullback_Continuation_v1.0,CNY,LONG,2023-08-10 11:00:00+03:00,2023-08-10 12:00:00+03:00,2023-08-10 12:00:00+03:00,13.48,13.3643363147,0.115663685262,115.663685262,2023-08-14 18:00:00+03:00,13.7967419722,ATR_TRAILING_STOP,36,2.7384738042,0.0172915119855,2.72118229222,0.778118039347,4.23642043645,2023-08-09 18:00:00+03:00,1,9357.37491254,CNYRUBF,T2,H4_H1,2.72118229222
T2-Si-000013,T2_Trend_Pullback_Continuation_v1.0,Si,LONG,2023-08-10 10:00:00+03:00,2023-08-10 12:00:00+03:00,2023-08-10 12:00:00+03:00,97.13,96.3399640158,0.790035984165,790.035984165,2023-08-14 18:00:00+03:00,100.316099135,ATR_TRAILING_STOP,36,4.0328531849,0.00253153025949,4.03032165464,0.632882564873,5.68328543256,2023-08-09 18:00:00+03:00,2,1434.62211254,USDRUBF,T2,H4_H1,4.03032165464
T2-CNY-000007,T2_Trend_Pullback_Continuation_v1.0,CNY,LONG,2023-09-14 16:00:00+03:00,2023-09-14 17:00:00+03:00,2023-09-14 17:00:00+03:00,13.23,13.1144082668,0.115591733154,115.591733154,2023-09-15 14:00:00+03:00,13.2297567709,ATR_TRAILING_STOP,12,-0.00210420854864,0.0173022753914,-0.01940648394,0.0865113769569,1.38418203131,2023-09-14 14:00:00+03:00,1,9617.98930402,CNYRUBF,T2,H4_H1,-0.01940648394
T2-Si-000014,T2_Trend_Pullback_Continuation_v1.0,Si,LONG,2023-09-14 17:00:00+03:00,2023-09-14 19:00:00+03:00,2023-09-14 19:00:00+03:00,96.9,95.9495058714,0.950494128631,950.494128631,2023-09-15 14:00:00+03:00,96.1621080378,ATR_TRAILING_STOP,10,-0.776324587373,0.00210416870526,-0.778428756078,0.68385482921,0.305104462263,2023-09-14 14:00:00+03:00,2,1240.49465151,USDRUBF,T2,H4_H1,-0.778428756078
T2-Si-000015,T2_Trend_Pullback_Continuation_v1.0,Si,LONG,2023-09-15 20:00:00+03:00,2023-09-15 23:00:00+03:00,2023-09-15 23:00:00+03:00,96.57,96.3452628053,0.224737194672,224.737194672,2023-09-18 13:00:00+03:00,96.3452628053,INITIAL_STOP,5,-1,0.00889928346271,-1.00889928346,0.533957007763,2.18032444836,2023-09-15 17:00:00+03:00,3,5205.65616364,USDRUBF,T2,H4_H1,-1.00889928346
T2-CNY-000008,T2_Trend_Pullback_Continuation_v1.0,CNY,LONG,2023-10-06 22:00:00+03:00,2023-10-09 10:00:00+03:00,2023-10-09 10:00:00+03:00,13.752,13.6965245205,0.0554754795327,55.4754795327,2023-10-09 17:00:00+03:00,13.8617445676,ATR_TRAILING_STOP,7,1.97825360944,0.0360519641623,1.94220164528,0,5.08332694689,2023-10-06 18:00:00+03:00,3,20036.6776265,CNYRUBF,T2,H4_H1,1.94220164528
T2-Si-000016,T2_Trend_Pullback_Continuation_v1.0,Si,LONG,2023-10-06 22:00:00+03:00,2023-10-09 10:00:00+03:00,2023-10-09 10:00:00+03:00,100.28,100.108613556,0.171386444026,171.386444026,2023-10-09 17:00:00+03:00,101.042238262,ATR_TRAILING_STOP,7,4.44748280156,0.0116695343752,4.43581326718,0,11.5528390314,2023-10-06 18:00:00+03:00,3,6757.25207132,USDRUBF,T2,H4_H1,4.43581326718
T2-CNY-000009,T2_Trend_Pullback_Continuation_v1.0,CNY,LONG,2023-10-10 10:00:00+03:00,2023-10-10 11:00:00+03:00,2023-10-10 11:00:00+03:00,13.752,13.5310457965,0.220954203509,220.954203509,2023-10-10 13:00:00+03:00,13.633,EMA50_TREND_LOSS,2,-0.538573143712,0.00905164947415,-0.547624793186,0.357540154229,0.0407324226337,2023-10-09 16:00:00+03:00,1,5128.36014547,CNYRUBF,T2,H4_H1,-0.547624793186
T2-Si-000017,T2_Trend_Pullback_Continuation_v1.0,Si,LONG,2023-10-10 17:00:00+03:00,2023-10-10 18:00:00+03:00,2023-10-10 18:00:00+03:00,100.21,99.614516689,0.595483311033,595.483311033,2023-10-11 11:00:00+03:00,99.614516689,INITIAL_STOP,8,-1,0.00335861637588,-1.00335861638,0.486999374503,0.319068555709,2023-10-10 11:00:00+03:00,1,2031.07727321,USDRUBF,T2,H4_H1,-1.00335861638
T2-CNY-000010,T2_Trend_Pullback_Continuation_v1.0,CNY,LONG,2023-10-10 16:00:00+03:00,2023-10-10 17:00:00+03:00,2023-10-10 17:00:00+03:00,13.71,13.6330222479,0.0769777521328,76.9777521328,2023-10-11 12:00:00+03:00,13.681,EMA50_TREND_LOSS,10,-0.376732227124,0.0259815329051,-0.402713760029,0.766455220701,1.48094737559,2023-10-10 11:00:00+03:00,1,14639.6508634,CNYRUBF,T2,H4_H1,-0.402713760029
T2-CNY-000011,T2_Trend_Pullback_Continuation_v1.0,CNY,LONG,2023-10-11 15:00:00+03:00,2023-10-11 16:00:00+03:00,2023-10-11 16:00:00+03:00,13.733,13.6651288394,0.0678711605917,67.8711605917,2023-10-11 23:00:00+03:00,13.6651288394,INITIAL_STOP,7,-1,0.0294675968786,-1.02946759688,0.825092712601,0.0442013953179,2023-10-11 10:00:00+03:00,1,16537.0551191,CNYRUBF,T2,H4_H1,-1.02946759688
T2-Si-000018,T2_Trend_Pullback_Continuation_v1.0,Si,LONG,2023-10-11 15:00:00+03:00,2023-10-11 16:00:00+03:00,2023-10-11 16:00:00+03:00,100.13,99.7390447016,0.390955298378,390.955298378,2023-10-11 23:00:00+03:00,99.7390447016,INITIAL_STOP,7,-1,0.0051156743707,-1.00511567437,0.94639975858,0.306940462242,2023-10-11 10:00:00+03:00,1,3062.5937974,USDRUBF,T2,H4_H1,-1.00511567437
T2-CNY-000012,T2_Trend_Pullback_Continuation_v1.0,CNY,SHORT,2023-11-21 16:00:00+03:00,2023-11-21 19:00:00+03:00,2023-11-21 19:00:00+03:00,12.3,12.3373670735,0.0373670735112,37.3670735112,2023-11-22 14:00:00+03:00,12.3373670735,INITIAL_STOP,10,-1,0.0535230568538,-1.05352305685,0.749322795953,1.33807642134,2023-11-21 10:00:00+03:00,3,29727.6288182,CNYRUBF,T2,H4_H1,-1.05352305685
T2-CNY-000013,T2_Trend_Pullback_Continuation_v1.0,CNY,SHORT,2023-11-30 10:00:00+03:00,2023-11-30 13:00:00+03:00,2023-11-30 13:00:00+03:00,12.394,12.4264905184,0.0324905183563,32.4905183563,2023-11-30 16:00:00+03:00,12.424,EMA50_TREND_LOSS,3,-0.923346302791,0.061556420186,-0.984902722977,0.769455252325,0.0923346302791,2023-11-30 00:00:00+03:00,3,33829.3031162,CNYRUBF,T2,H4_H1,-0.984902722977
T2-Si-000019,T2_Trend_Pullback_Continuation_v1.0,Si,SHORT,2023-12-08 19:00:00+03:00,2023-12-08 22:00:00+03:00,2023-12-08 22:00:00+03:00,91.91,92.3578594209,0.447859420901,447.859420901,2023-12-09 00:00:00+03:00,92,EMA50_TREND_LOSS,2,-0.200955915629,0.00446568701397,-0.205421602643,0.178627480559,0.133970610419,2023-12-08 18:00:00+03:00,3,2646.59531979,USDRUBF,T2,H4_H1,-0.205421602643
T2-CNY-000014,T2_Trend_Pullback_Continuation_v1.0,CNY,SHORT,2023-12-08 20:00:00+03:00,2023-12-08 23:00:00+03:00,2023-12-08 23:00:00+03:00,12.802,12.8471116736,0.0451116735569,45.1116735569,2023-12-14 13:00:00+03:00,12.5519415903,ATR_TRAILING_STOP,50,5.54309760621,0.0443344226074,5.4987631836,0.266006535644,7.44818299804,2023-12-08 18:00:00+03:00,3,24124.7138727,CNYRUBF,T2,H4_H1,5.4987631836
T2-Si-000020,T2_Trend_Pullback_Continuation_v1.0,Si,SHORT,2023-12-13 20:00:00+03:00,2023-12-13 23:00:00+03:00,2023-12-13 23:00:00+03:00,89.82,90.2735507949,0.453550794858,453.550794858,2023-12-14 14:00:00+03:00,90.052579851,ATR_TRAILING_STOP,6,-0.512797802765,0.00440964942114,-0.517207452186,0.30867545948,0.992171119756,2023-12-13 19:00:00+03:00,3,2608.01610976,USDRUBF,T2,H4_H1,-0.517207452186
T2-CNY-000015,T2_Trend_Pullback_Continuation_v1.0,CNY,SHORT,2024-01-11 10:00:00+03:00,2024-01-11 11:00:00+03:00,2024-01-11 11:00:00+03:00,12.377,12.4584641058,0.0814641058247,81.4641058247,2024-01-16 18:00:00+03:00,12.1878717471,ATR_TRAILING_STOP,52,2.32161454451,0.024550689899,2.29706385461,0.220956209091,3.36344451616,2024-01-11 00:00:00+03:00,1,14093.9323747,CNYRUBF,T2,H4_H1,2.29706385461
T2-Si-000021,T2_Trend_Pullback_Continuation_v1.0,Si,SHORT,2024-02-09 11:00:00+03:00,2024-02-09 14:00:00+03:00,2024-02-09 14:00:00+03:00,90.88,91.1811938375,0.301193837499,301.193837499,2024-02-09 15:00:00+03:00,91.1811938375,INITIAL_STOP,1,-1,0.00664024209993,-1.0066402421,0,0,2024-02-09 00:00:00+03:00,3,3906.95211114,USDRUBF,T2,H4_H1,-1.0066402421
T2-Si-000022,T2_Trend_Pullback_Continuation_v1.0,Si,LONG,2024-03-25 15:00:00+03:00,2024-03-25 17:00:00+03:00,2024-03-25 17:00:00+03:00,92.89,92.5748147596,0.315185240369,315.185240369,2024-03-26 12:00:00+03:00,92.71,EMA50_TREND_LOSS,10,-0.571092731974,0.00634547479971,-0.577438206774,0.44418323598,0.253818991989,2024-03-25 13:00:00+03:00,2,3695.9353169,USDRUBF,T2,H4_H1,-0.577438206774
T2-Si-000023,T2_Trend_Pullback_Continuation_v1.0,Si,LONG,2024-04-30 00:00:00+03:00,2024-04-30 10:00:00+03:00,2024-04-30 10:00:00+03:00,93.15,92.7428796501,0.407120349892,407.120349892,2024-04-30 17:00:00+03:00,92.9459369796,ATR_TRAILING_STOP,7,-0.501235127238,0.0049125522724,-0.50614767951,0.147376568172,0.73688284086,2024-04-29 23:00:00+03:00,1,2844.8041452,USDRUBF,T2,H4_H1,-0.50614767951
T2-Si-000024,T2_Trend_Pullback_Continuation_v1.0,Si,LONG,2024-04-30 18:00:00+03:00,2024-04-30 19:00:00+03:00,2024-04-30 19:00:00+03:00,93.13,92.8814904464,0.248509553642,248.509553642,2024-04-30 21:00:00+03:00,92.8814904464,INITIAL_STOP,2,-1,0.00804798033191,-1.00804798033,0.442638918255,0.120719704979,2024-04-30 16:00:00+03:00,1,4636.90652023,USDRUBF,T2,H4_H1,-1.00804798033
T2-CNY-000016,T2_Trend_Pullback_Continuation_v1.0,CNY,LONG,2024-04-30 00:00:00+03:00,2024-04-30 11:00:00+03:00,2024-04-30 11:00:00+03:00,12.747,12.7037930205,0.0432069795185,43.2069795185,2024-05-02 11:00:00+03:00,12.7072646085,ATR_TRAILING_STOP,15,-0.919652147921,0.0462888177394,-0.96594096566,0.810054310439,0.277732906436,2024-04-29 23:00:00+03:00,2,27183.6481274,CNYRUBF,T2,H4_H1,-0.96594096566
T2-CNY-000017,T2_Trend_Pullback_Continuation_v1.0,CNY,LONG,2024-05-02 18:00:00+03:00,2024-05-02 21:00:00+03:00,2024-05-02 21:00:00+03:00,12.707,12.6655445045,0.041455495504,41.455495504,2024-05-03 11:00:00+03:00,12.706,EMA50_TREND_LOSS,5,-0.0241222541872,0.0482445083743,-0.0723667625614,0.0964890167485,0.578934100491,2024-05-02 10:00:00+03:00,3,28058.478418,CNYRUBF,T2,H4_H1,-0.0723667625614
T2-CNY-000018,T2_Trend_Pullback_Continuation_v1.0,CNY,LONG,2024-05-03 15:00:00+03:00,2024-05-03 16:00:00+03:00,2024-05-03 16:00:00+03:00,12.735,12.6865836894,0.0484163106398,48.4163106398,2024-05-03 19:00:00+03:00,12.7,EMA50_TREND_LOSS,3,-0.722896882011,0.0413083932578,-0.764205275269,0.681588488753,0.103270983144,2024-05-03 10:00:00+03:00,1,24007.1239669,CNYRUBF,T2,H4_H1,-0.764205275269
T2-CNY-000019,T2_Trend_Pullback_Continuation_v1.0,CNY,LONG,2024-05-03 22:00:00+03:00,2024-05-03 23:00:00+03:00,2024-05-03 23:00:00+03:00,12.714,12.7009868161,0.0130131839452,13.0131839452,2024-05-06 10:00:00+03:00,12.7009868161,INITIAL_STOP,2,-1,0.153690288897,-1.1536902889,0.307380577793,0.230535433345,2024-05-03 16:00:00+03:00,1,88637.318933,CNYRUBF,T2,H4_H1,-1.1536902889
T2-CNY-000020,T2_Trend_Pullback_Continuation_v1.0,CNY,SHORT,2024-05-28 19:00:00+03:00,2024-05-28 22:00:00+03:00,2024-05-28 22:00:00+03:00,12.195,12.2061495933,0.0111495933143,11.1495933143,2024-05-29 00:00:00+03:00,12.2061495933,INITIAL_STOP,2,-1,0.179378739979,-1.17937873998,0.269068109969,0.358757479959,2024-05-28 13:00:00+03:00,3,102259.016971,CNYRUBF,T2,H4_H1,-1.17937873998
T2-Si-000025,T2_Trend_Pullback_Continuation_v1.0,Si,SHORT,2024-05-28 16:00:00+03:00,2024-05-28 18:00:00+03:00,2024-05-28 18:00:00+03:00,88.66,88.8984810199,0.238481019878,238.481019878,2024-05-29 10:00:00+03:00,88.8984810199,INITIAL_STOP,7,-1,0.00838641163571,-1.00838641164,0.545116756321,0,2024-05-28 13:00:00+03:00,2,4783.18851697,USDRUBF,T2,H4_H1,-1.00838641164
T2-CNY-000021,T2_Trend_Pullback_Continuation_v1.0,CNY,SHORT,2024-06-05 10:00:00+03:00,2024-06-05 12:00:00+03:00,2024-06-05 12:00:00+03:00,12.238,12.2736671776,0.0356671776335,35.6671776335,2024-06-06 13:00:00+03:00,12.2471149941,ATR_TRAILING_STOP,16,-0.255556921215,0.0560739630298,-0.311630884245,0.364480759694,1.5139970018,2024-06-05 00:00:00+03:00,2,31589.2616642,CNYRUBF,T2,H4_H1,-0.311630884245
T2-Si-000026,T2_Trend_Pullback_Continuation_v1.0,Si,SHORT,2024-06-04 10:00:00+03:00,2024-06-04 11:00:00+03:00,2024-06-04 11:00:00+03:00,88.94,89.4961367067,0.556136706723,556.136706723,2024-06-06 13:00:00+03:00,89.0041340158,ATR_TRAILING_STOP,32,-0.115320594787,0.00359623807568,-0.118916832863,0.34164261719,0.737228805514,2024-06-04 00:00:00+03:00,1,2030.43065062,USDRUBF,T2,H4_H1,-0.118916832863
T2-CNY-000022,T2_Trend_Pullback_Continuation_v1.0,CNY,SHORT,2024-06-06 16:00:00+03:00,2024-06-06 19:00:00+03:00,2024-06-06 19:00:00+03:00,12.235,12.2825907476,0.0475907476271,47.5907476271,2024-06-07 17:00:00+03:00,12.258,EMA50_TREND_LOSS,13,-0.483287217512,0.0420249754358,-0.525312192948,0.651387119255,0.79847453328,2024-06-06 12:00:00+03:00,3,23600.987976,CNYRUBF,T2,H4_H1,-0.525312192948
T2-Si-000027,T2_Trend_Pullback_Continuation_v1.0,Si,SHORT,2024-06-06 19:00:00+03:00,2024-06-06 20:00:00+03:00,2024-06-06 20:00:00+03:00,88.82,89.1611668403,0.341166840313,341.166840313,2024-06-07 17:00:00+03:00,89.1611668403,INITIAL_STOP,12,-1,0.00586223443687,-1.00586223444,0.791401648977,0.615534615871,2024-06-06 12:00:00+03:00,1,3305.87289463,USDRUBF,T2,H4_H1,-1.00586223444
T2-Si-000028,T2_Trend_Pullback_Continuation_v1.0,Si,SHORT,2024-06-10 19:00:00+03:00,2024-06-10 20:00:00+03:00,2024-06-10 20:00:00+03:00,88.56,89.0320799601,0.472079960101,472.079960101,2024-06-11 11:00:00+03:00,89.0320799601,INITIAL_STOP,6,-1,0.00423657043093,-1.00423657043,0.783765529722,0.148279965083,2024-06-10 17:00:00+03:00,1,2365.0856735,USDRUBF,T2,H4_H1,-1.00423657043
T2-Si-000029,T2_Trend_Pullback_Continuation_v1.0,Si,SHORT,2024-06-27 16:00:00+03:00,2024-06-27 18:00:00+03:00,2024-06-27 18:00:00+03:00,85.98,86.8448216904,0.86482169038,864.82169038,2024-06-28 11:00:00+03:00,86.5437718241,ATR_TRAILING_STOP,7,-0.65189371453,0.00231261544691,-0.654206329977,0,0.566590784494,2024-06-27 15:00:00+03:00,2,1278.06363492,USDRUBF,T2,H4_H1,-0.654206329977
T2-Si-000030,T2_Trend_Pullback_Continuation_v1.0,Si,SHORT,2024-08-05 23:00:00+03:00,2024-08-06 11:00:00+03:00,2024-08-06 11:00:00+03:00,85.24,85.6485143487,0.408514348656,408.514348656,2024-08-06 15:00:00+03:00,85.6485143487,INITIAL_STOP,4,-1,0.00489578886661,-1.00489578887,0.636452552659,0.611973608326,2024-08-05 17:00:00+03:00,2,2687.95020991,USDRUBF,T2,H4_H1,-1.00489578887
T2-CNY-000023,T2_Trend_Pullback_Continuation_v1.0,CNY,SHORT,2024-08-23 15:00:00+03:00,2024-08-23 18:00:00+03:00,2024-08-23 18:00:00+03:00,11.855,11.9068379102,0.0518379102152,51.8379102152,2024-08-27 11:00:00+03:00,11.7454953198,ATR_TRAILING_STOP,21,2.11244395729,0.0385818022312,2.07386215506,0.270072615618,4.28258004766,2024-08-23 14:00:00+03:00,3,21553.5003414,CNYRUBF,T2,H4_H1,2.07386215506
T2-CNY-000024,T2_Trend_Pullback_Continuation_v1.0,CNY,LONG,2024-09-10 23:00:00+03:00,2024-09-11 11:00:00+03:00,2024-09-11 11:00:00+03:00,12.678,12.6369102441,0.0410897558967,41.0897558967,2024-09-11 15:00:00+03:00,12.6369102441,INITIAL_STOP,4,-1,0.0486739323793,-1.04867393238,0.997815613776,0.511076289983,2024-09-10 19:00:00+03:00,2,27755.3227622,CNYRUBF,T2,H4_H1,-1.04867393238
T2-Si-000031,T2_Trend_Pullback_Continuation_v1.0,Si,LONG,2024-10-21 18:00:00+03:00,2024-10-21 19:00:00+03:00,2024-10-21 19:00:00+03:00,96.04,95.7230932156,0.316906784383,316.906784383,2024-10-25 11:00:00+03:00,96.5488817881,ATR_TRAILING_STOP,48,1.60577751318,0.00631100405091,1.59946650913,0.252440162036,2.90306186342,2024-10-21 15:00:00+03:00,1,3430.13107165,USDRUBF,T2,H4_H1,1.59946650913
T2-CNY-000025,T2_Trend_Pullback_Continuation_v1.0,CNY,LONG,2024-11-18 17:00:00+03:00,2024-11-18 19:00:00+03:00,2024-11-18 19:00:00+03:00,13.761,13.7236100069,0.0373899930913,37.3899930913,2024-11-20 11:00:00+03:00,13.8062837393,ATR_TRAILING_STOP,20,1.21111921979,0.0534902479152,1.15762897188,0.481412231237,3.12917950304,2024-11-18 15:00:00+03:00,2,30181.8653337,CNYRUBF,T2,H4_H1,1.15762897188
T2-CNY-000026,T2_Trend_Pullback_Continuation_v1.0,CNY,LONG,2024-11-20 12:00:00+03:00,2024-11-20 13:00:00+03:00,2024-11-20 13:00:00+03:00,13.826,13.7891731703,0.0368268297479,36.8268297479,2024-11-20 17:00:00+03:00,13.7891731703,INITIAL_STOP,4,-1,0.054308231626,-1.05430823163,0.570236432074,0.353003505569,2024-11-20 00:00:00+03:00,1,30998.1495562,CNYRUBF,T2,H4_H1,-1.05430823163
T2-Si-000032,T2_Trend_Pullback_Continuation_v1.0,Si,LONG,2024-11-19 11:00:00+03:00,2024-11-19 12:00:00+03:00,2024-11-19 12:00:00+03:00,100.1,99.7912189233,0.308781076654,308.781076654,2024-11-20 18:00:00+03:00,100.145862761,ATR_TRAILING_STOP,20,0.148528404707,0.00647708085506,0.142051323852,0.647708085506,1.78119723514,2024-11-19 00:00:00+03:00,1,3576.70401828,USDRUBF,T2,H4_H1,0.142051323852
T2-CNY-000027,T2_Trend_Pullback_Continuation_v1.0,CNY,LONG,2024-11-20 18:00:00+03:00,2024-11-20 19:00:00+03:00,2024-11-20 19:00:00+03:00,13.825,13.7932723317,0.0317276683408,31.7276683408,2024-11-22 11:00:00+03:00,13.8832119301,ATR_TRAILING_STOP,20,1.83473709545,0.0630364632697,1.77170063218,0.0945546949045,4.66469828196,2024-11-20 00:00:00+03:00,1,35600.7244313,CNYRUBF,T2,H4_H1,1.77170063218
T2-Si-000033,T2_Trend_Pullback_Continuation_v1.0,Si,LONG,2024-11-20 19:00:00+03:00,2024-11-20 20:00:00+03:00,2024-11-20 20:00:00+03:00,100.39,100.151544388,0.238455612341,238.455612341,2024-11-26 13:00:00+03:00,104.673192125,ATR_TRAILING_STOP,49,17.9622198133,0.00838730521108,17.9538325081,0.209682630277,23.0231528044,2024-11-20 15:00:00+03:00,1,4638.12676877,USDRUBF,T2,H4_H1,17.9538325081
T2-Si-000034,T2_Trend_Pullback_Continuation_v1.0,Si,LONG,2024-11-29 11:00:00+03:00,2024-11-29 13:00:00+03:00,2024-11-29 13:00:00+03:00,108.36,107.695001586,0.66499841416,664.99841416,2024-11-29 15:00:00+03:00,107.695001586,INITIAL_STOP,2,-1,0.0030075259691,-1.00300752597,0.360903116293,0.120301038764,2024-11-29 00:00:00+03:00,2,1961.74073342,USDRUBF,T2,H4_H1,-1.00300752597
T2-CNY-000028,T2_Trend_Pullback_Continuation_v1.0,CNY,LONG,2024-11-28 00:00:00+03:00,2024-11-28 11:00:00+03:00,2024-11-28 11:00:00+03:00,14.76,14.4016152249,0.358384775121,358.384775121,2024-11-29 17:00:00+03:00,14.5633287857,ATR_TRAILING_STOP,20,-0.548771119694,0.00558059420724,-0.554351713901,0.479931101823,0.203691688564,2024-11-27 17:00:00+03:00,1,3207.55766308,CNYRUBF,T2,H4_H1,-0.554351713901
T2-CNY-000029,T2_Trend_Pullback_Continuation_v1.0,CNY,LONG,2024-12-12 20:00:00+03:00,2024-12-12 21:00:00+03:00,2024-12-12 21:00:00+03:00,13.908,13.8236355977,0.0843644023149,84.3644023149,2024-12-13 18:00:00+03:00,13.8722776522,ATR_TRAILING_STOP,11,-0.423429157204,0.0237066813149,-0.447135838519,0.320040197751,2.10989463702,2024-12-12 12:00:00+03:00,1,13550.3518859,CNYRUBF,T2,H4_H1,-0.447135838519
T2-Si-000035,T2_Trend_Pullback_Continuation_v1.0,Si,LONG,2024-12-17 16:00:00+03:00,2024-12-17 18:00:00+03:00,2024-12-17 18:00:00+03:00,103.84,102.9816264,0.85837359999,858.37359999,2024-12-18 12:00:00+03:00,103.436014091,ATR_TRAILING_STOP,8,-0.470641116116,0.00232998778157,-0.472971103897,0.16309914471,0.943645051537,2024-12-17 15:00:00+03:00,2,1504.5543073,USDRUBF,T2,H4_H1,-0.472971103897
