generation,lifecycle_stage,strategy,timeframe,calendar_month,observed_years,trades,net_R,average_R_per_year,median_R_per_year,positive_year_count,negative_year_count,positive_year_share
v1,development,T2,M30,January,2,13,-3.69992679748,-1.84996339874,-1.84996339874,1,1,0.5
v1,development,T2,M30,February,2,14,-5.68326963811,-2.84163481905,-2.84163481905,0,2,0
v1,development,T2,M30,March,2,13,-0.767197615501,-0.383598807751,-0.383598807751,1,1,0.5
v1,development,T2,M30,April,2,11,13.4141759169,6.70708795847,6.70708795847,2,0,1
v1,development,T2,M30,May,2,23,-4.98872029698,-2.49436014849,-2.49436014849,0,2,0
v1,development,T2,M30,June,2,9,11.4703814116,5.7351907058,5.7351907058,2,0,1
v1,development,T2,M30,July,2,17,6.95502110822,3.47751055411,3.47751055411,2,0,1
v1,development,T2,M30,August,2,12,4.069086879,2.0345434395,2.0345434395,2,0,1
v1,development,T2,M30,September,2,17,1.12680757595,0.563403787975,0.563403787975,2,0,1
v1,development,T2,M30,October,2,15,6.04771358078,3.02385679039,3.02385679039,1,1,0.5
v1,development,T2,M30,November,2,16,17.7482593717,8.87412968585,8.87412968585,2,0,1
v1,development,T2,M30,December,2,18,-6.07464351968,-3.03732175984,-3.03732175984,0,2,0
v1,walk_forward,T2,M30,February,1,7,-3.59491018638,-3.59491018638,-3.59491018638,0,1,0
v1,walk_forward,T2,M30,March,1,6,-4.41029275894,-4.41029275894,-4.41029275894,0,1,0
v1,walk_forward,T2,M30,April,1,8,7.85869414047,7.85869414047,7.85869414047,1,0,1
v1,walk_forward,T2,M30,May,1,14,-0.532497638828,-0.532497638828,-0.532497638828,0,1,0
v1,walk_forward,T2,M30,June,1,5,6.97616885755,6.97616885755,6.97616885755,1,0,1
v1,walk_forward,T2,M30,July,1,8,0.98413201695,0.98413201695,0.98413201695,1,0,1
v1,walk_forward,T2,M30,August,1,4,1.50732397348,1.50732397348,1.50732397348,1,0,1
v1,walk_forward,T2,M30,September,1,7,1.10446945365,1.10446945365,1.10446945365,1,0,1
v1,walk_forward,T2,M30,October,1,8,-2.19981242841,-2.19981242841,-2.19981242841,0,1,0
v1,true_oos,T2,M30,January,2,11,-6.92949401177,-3.46474700588,-3.46474700588,0,2,0
v1,true_oos,T2,M30,February,2,26,5.49091028623,2.74545514312,2.74545514312,1,1,0.5
v1,true_oos,T2,M30,March,2,14,-7.99753219437,-3.99876609719,-3.99876609719,0,2,0
v1,true_oos,T2,M30,April,2,15,-2.91049201248,-1.45524600624,-1.45524600624,1,1,0.5
v1,true_oos,T2,M30,May,2,15,12.4341041615,6.21705208075,6.21705208075,1,1,0.5
v1,true_oos,T2,M30,June,2,13,-2.0805721088,-1.0402860544,-1.0402860544,0,2,0
v1,true_oos,T2,M30,July,2,16,-7.09518178236,-3.54759089118,-3.54759089118,0,2,0
v1,true_oos,T2,M30,August,2,19,15.725525255,7.8627626275,7.8627626275,2,0,1
v1,true_oos,T2,M30,September,1,8,15.892947974,15.892947974,15.892947974,1,0,1
v1,true_oos,T2,M30,October,1,13,3.85713330933,3.85713330933,3.85713330933,1,0,1
v1,true_oos,T2,M30,November,1,6,1.57294244073,1.57294244073,1.57294244073,1,0,1
v1,true_oos,T2,M30,December,1,15,0.153531982544,0.153531982544,0.153531982544,1,0,1
v1,development,T2,H1,January,1,1,-1.037932284,-1.037932284,-1.037932284,0,1,0
v1,development,T2,H1,February,2,6,-1.8258752475,-0.91293762375,-0.91293762375,0,2,0
v1,development,T2,H1,March,2,7,-3.16333883849,-1.58166941924,-1.58166941924,0,2,0
v1,development,T2,H1,April,2,5,4.41380425948,2.20690212974,2.20690212974,2,0,1
v1,development,T2,H1,May,2,3,4.51390166821,2.25695083411,2.25695083411,1,1,0.5
v1,development,T2,H1,June,2,6,14.9071918687,7.45359593435,7.45359593435,1,1,0.5
v1,development,T2,H1,July,2,5,-1.10451398688,-0.552256993438,-0.552256993438,1,1,0.5
v1,development,T2,H1,August,2,9,11.2622722299,5.63113611497,5.63113611497,2,0,1
v1,development,T2,H1,September,2,12,4.48935739438,2.24467869719,2.24467869719,1,1,0.5
v1,development,T2,H1,October,2,16,13.5915960214,6.79579801069,6.79579801069,2,0,1
v1,development,T2,H1,November,2,7,15.3025971594,7.6512985797,7.6512985797,1,1,0.5
v1,development,T2,H1,December,1,2,-1.75671282287,-1.75671282287,-1.75671282287,0,1,0
v1,walk_forward,T2,H1,February,1,4,-0.906807565172,-0.906807565172,-0.906807565172,0,1,0
v1,walk_forward,T2,H1,March,1,3,-2.59188355234,-2.59188355234,-2.59188355234,0,1,0
v1,walk_forward,T2,H1,April,1,2,2.01698801983,2.01698801983,2.01698801983,1,0,1
v1,walk_forward,T2,H1,May,1,2,5.2808318064,5.2808318064,5.2808318064,1,0,1
v1,walk_forward,T2,H1,June,1,2,-0.77312316284,-0.77312316284,-0.77312316284,0,1,0
v1,walk_forward,T2,H1,August,1,4,0.773295934049,0.773295934049,0.773295934049,1,0,1
v1,walk_forward,T2,H1,September,1,7,5.67346215869,5.67346215869,5.67346215869,1,0,1
v1,walk_forward,T2,H1,October,1,4,0.140726483363,0.140726483363,0.140726483363,1,0,1
v1,walk_forward,T2,H1,November,1,5,17.3410229392,17.3410229392,17.3410229392,1,0,1
v1,true_oos,T2,H1,January,2,4,1.14717519363,0.573587596815,0.573587596815,2,0,1
v1,true_oos,T2,H1,February,2,4,0.697976606758,0.348988303379,0.348988303379,1,1,0.5
v1,true_oos,T2,H1,March,1,4,-1.19216486105,-1.19216486105,-1.19216486105,0,1,0
v1,true_oos,T2,H1,April,2,9,12.1530397349,6.07651986745,6.07651986745,2,0,1
v1,true_oos,T2,H1,May,2,4,-0.730105525835,-0.365052762917,-0.365052762917,1,1,0.5
v1,true_oos,T2,H1,June,2,4,0.081045238805,0.0405226194025,0.0405226194025,1,1,0.5
v1,true_oos,T2,H1,July,2,14,23.1796469514,11.5898234757,11.5898234757,2,0,1
v1,true_oos,T2,H1,August,2,11,6.99477633883,3.49738816941,3.49738816941,1,1,0.5
v1,true_oos,T2,H1,October,1,6,-5.32999293948,-5.32999293948,-5.32999293948,0,1,0
v1,true_oos,T2,H1,November,1,4,4.93213844655,4.93213844655,4.93213844655,1,0,1
v1,true_oos,T2,H1,December,1,5,0.924151066375,0.924151066375,0.924151066375,1,0,1
v1,development,T3,M30,January,2,10,8.73394446429,4.36697223215,4.36697223215,2,0,1
v1,development,T3,M30,February,2,25,-1.82011529556,-0.910057647781,-0.910057647781,1,1,0.5
v1,development,T3,M30,March,2,13,1.24277912104,0.62138956052,0.62138956052,1,1,0.5
v1,development,T3,M30,April,2,22,13.2840402891,6.64202014454,6.64202014454,1,1,0.5
v1,development,T3,M30,May,2,23,-2.60850879948,-1.30425439974,-1.30425439974,1,1,0.5
v1,development,T3,M30,June,2,18,17.3260682643,8.66303413215,8.66303413215,1,1,0.5
v1,development,T3,M30,July,2,11,4.59266152143,2.29633076071,2.29633076071,2,0,1
v1,development,T3,M30,August,2,27,1.34507347278,0.672536736391,0.672536736391,1,1,0.5
v1,development,T3,M30,September,2,21,8.0565627328,4.0282813664,4.0282813664,2,0,1
v1,development,T3,M30,October,2,23,21.1069795574,10.5534897787,10.5534897787,2,0,1
v1,development,T3,M30,November,2,27,20.4681180037,10.2340590018,10.2340590018,2,0,1
v1,development,T3,M30,December,2,15,13.4263080283,6.71315401413,6.71315401413,2,0,1
v1,walk_forward,T3,M30,February,1,11,-6.12352499684,-6.12352499684,-6.12352499684,0,1,0
v1,walk_forward,T3,M30,March,1,1,1.70854505912,1.70854505912,1.70854505912,1,0,1
v1,walk_forward,T3,M30,April,1,10,-1.65358541517,-1.65358541517,-1.65358541517,0,1,0
v1,walk_forward,T3,M30,May,1,5,-1.9305732176,-1.9305732176,-1.9305732176,0,1,0
v1,walk_forward,T3,M30,June,1,6,12.3225145294,12.3225145294,12.3225145294,1,0,1
v1,walk_forward,T3,M30,July,1,4,0.141267569084,0.141267569084,0.141267569084,1,0,1
v1,walk_forward,T3,M30,August,1,5,3.37661591629,3.37661591629,3.37661591629,1,0,1
v1,walk_forward,T3,M30,September,1,13,7.49416085228,7.49416085228,7.49416085228,1,0,1
v1,walk_forward,T3,M30,October,1,5,6.19076503872,6.19076503872,6.19076503872,1,0,1
v1,true_oos,T3,M30,January,2,15,0.409537462519,0.20476873126,0.20476873126,1,1,0.5
v1,true_oos,T3,M30,February,2,12,2.33517345624,1.16758672812,1.16758672812,1,1,0.5
v1,true_oos,T3,M30,March,2,14,13.8261928576,6.91309642882,6.91309642882,1,1,0.5
v1,true_oos,T3,M30,April,2,10,-2.73456526959,-1.3672826348,-1.3672826348,0,2,0
v1,true_oos,T3,M30,May,2,16,3.5639127971,1.78195639855,1.78195639855,1,1,0.5
v1,true_oos,T3,M30,June,1,14,8.54716575007,8.54716575007,8.54716575007,1,0,1
v1,true_oos,T3,M30,July,2,21,13.7768437521,6.88842187603,6.88842187603,2,0,1
v1,true_oos,T3,M30,August,2,26,6.62844425767,3.31422212884,3.31422212884,1,1,0.5
v1,true_oos,T3,M30,September,1,9,25.3784858,25.3784858,25.3784858,1,0,1
v1,true_oos,T3,M30,October,1,9,1.0858899476,1.0858899476,1.0858899476,1,0,1
v1,true_oos,T3,M30,November,1,4,3.34509410189,3.34509410189,3.34509410189,1,0,1
v1,true_oos,T3,M30,December,1,12,-3.45914784015,-3.45914784015,-3.45914784015,0,1,0
v1,development,T3,H1,January,1,3,3.45556598589,3.45556598589,3.45556598589,1,0,1
v1,development,T3,H1,February,2,16,-6.19083206542,-3.09541603271,-3.09541603271,0,2,0
v1,development,T3,H1,March,2,7,-3.44261891241,-1.7213094562,-1.7213094562,0,2,0
v1,development,T3,H1,April,2,11,10.1082241035,5.05411205173,5.05411205173,1,1,0.5
v1,development,T3,H1,May,2,10,7.96424787604,3.98212393802,3.98212393802,2,0,1
v1,development,T3,H1,June,2,15,27.7448848273,13.8724424137,13.8724424137,2,0,1
v1,development,T3,H1,July,1,5,-1.9944396316,-1.9944396316,-1.9944396316,0,1,0
v1,development,T3,H1,August,2,12,12.0807278103,6.04036390515,6.04036390515,2,0,1
v1,development,T3,H1,September,2,8,-0.171460322248,-0.085730161124,-0.085730161124,1,1,0.5
v1,development,T3,H1,October,2,9,-1.47069663923,-0.735348319614,-0.735348319614,1,1,0.5
v1,development,T3,H1,November,2,12,11.8540903222,5.92704516112,5.92704516112,1,1,0.5
v1,development,T3,H1,December,2,6,-2.68203465752,-1.34101732876,-1.34101732876,0,2,0
v1,walk_forward,T3,H1,February,1,3,-2.94555261956,-2.94555261956,-2.94555261956,0,1,0
v1,walk_forward,T3,H1,March,1,4,-1.96146369562,-1.96146369562,-1.96146369562,0,1,0
v1,walk_forward,T3,H1,May,1,1,2.5134803655,2.5134803655,2.5134803655,1,0,1
v1,walk_forward,T3,H1,June,1,7,22.8821462152,22.8821462152,22.8821462152,1,0,1
v1,walk_forward,T3,H1,August,1,3,2.29275030837,2.29275030837,2.29275030837,1,0,1
v1,walk_forward,T3,H1,September,1,6,1.67829495081,1.67829495081,1.67829495081,1,0,1
v1,walk_forward,T3,H1,November,1,8,11.0369736853,11.0369736853,11.0369736853,1,0,1
v1,walk_forward,T3,H1,December,1,2,-1.9663216478,-1.9663216478,-1.9663216478,0,1,0
v1,true_oos,T3,H1,January,1,4,0.636797692408,0.636797692408,0.636797692408,1,0,1
v1,true_oos,T3,H1,February,2,7,1.97771890097,0.988859450485,0.988859450485,1,1,0.5
v1,true_oos,T3,H1,March,2,12,19.9569080693,9.97845403465,9.97845403465,2,0,1
v1,true_oos,T3,H1,April,2,6,0.099794340821,0.0498971704105,0.0498971704105,1,1,0.5
v1,true_oos,T3,H1,May,1,4,1.98305899899,1.98305899899,1.98305899899,1,0,1
v1,true_oos,T3,H1,June,2,11,2.9864315887,1.49321579435,1.49321579435,1,1,0.5
v1,true_oos,T3,H1,July,2,11,6.52257160683,3.26128580341,3.26128580341,1,1,0.5
v1,true_oos,T3,H1,August,1,12,16.3167373881,16.3167373881,16.3167373881,1,0,1
v1,true_oos,T3,H1,September,1,6,9.52091786644,9.52091786644,9.52091786644,1,0,1
v1,true_oos,T3,H1,October,1,11,3.85095771725,3.85095771725,3.85095771725,1,0,1
v1,true_oos,T3,H1,November,1,4,-2.68826213954,-2.68826213954,-2.68826213954,0,1,0
v1,true_oos,T3,H1,December,1,9,-3.93294992688,-3.93294992688,-3.93294992688,0,1,0
v2,development,T2,M30,January,5,110,1.86277720941,0.372555441882,-3.06387495154,2,3,0.4
v2,development,T2,M30,February,5,107,28.9521568858,5.79043137717,4.15425066102,5,0,1
v2,development,T2,M30,March,5,104,35.1483849086,7.02967698171,5.87169774127,4,1,0.8
v2,development,T2,M30,April,5,106,7.85753845418,1.57150769084,-4.9258753969,2,3,0.4
v2,development,T2,M30,May,5,112,23.5739910923,4.71479821847,0.226922931508,3,2,0.6
v2,development,T2,M30,June,5,103,35.8054704661,7.16109409322,7.21931373003,5,0,1
v2,development,T2,M30,July,5,129,30.6770518977,6.13541037954,5.43117134525,5,0,1
v2,development,T2,M30,August,5,138,8.45636712409,1.69127342482,-1.83675302855,2,3,0.4
v2,development,T2,M30,September,5,134,5.21234163924,1.04246832785,-2.04131870734,1,4,0.2
v2,development,T2,M30,October,5,129,-0.915860830447,-0.183172166089,-0.975016548752,2,3,0.4
v2,development,T2,M30,November,5,132,-8.21507048658,-1.64301409732,-5.97131893675,2,3,0.4
v2,development,T2,M30,December,5,134,11.0849306347,2.21698612694,3.67770852576,4,1,0.8
v2,walk_forward,T2,M30,January,1,14,-1.4618170295,-1.4618170295,-1.4618170295,0,1,0
v2,walk_forward,T2,M30,February,1,13,3.24411189303,3.24411189303,3.24411189303,1,0,1
v2,walk_forward,T2,M30,March,1,15,1.00986425802,1.00986425802,1.00986425802,1,0,1
v2,walk_forward,T2,M30,April,1,13,-0.565894779478,-0.565894779478,-0.565894779478,0,1,0
v2,walk_forward,T2,M30,May,1,23,4.50113945483,4.50113945483,4.50113945483,1,0,1
v2,walk_forward,T2,M30,June,1,20,2.68827293248,2.68827293248,2.68827293248,1,0,1
v2,walk_forward,T2,M30,July,1,19,5.62837819262,5.62837819262,5.62837819262,1,0,1
v2,walk_forward,T2,M30,August,1,13,9.78591407182,9.78591407182,9.78591407182,1,0,1
v2,walk_forward,T2,M30,September,1,20,-0.299259530735,-0.299259530735,-0.299259530735,0,1,0
v2,walk_forward,T2,M30,October,1,12,-0.90642482497,-0.90642482497,-0.90642482497,0,1,0
v2,walk_forward,T2,M30,November,1,17,3.38334946456,3.38334946456,3.38334946456,1,0,1
v2,walk_forward,T2,M30,December,1,31,-12.9234614551,-12.9234614551,-12.9234614551,0,1,0
v2,true_oos,T2,M30,January,2,36,9.42389563376,4.71194781688,4.71194781688,1,1,0.5
v2,true_oos,T2,M30,February,2,44,-7.02935710826,-3.51467855413,-3.51467855413,1,1,0.5
v2,true_oos,T2,M30,March,2,50,6.10896951084,3.05448475542,3.05448475542,1,1,0.5
v2,true_oos,T2,M30,April,2,39,26.6353391785,13.3176695892,13.3176695892,2,0,1
v2,true_oos,T2,M30,May,2,38,-7.29073630865,-3.64536815433,-3.64536815433,1,1,0.5
v2,true_oos,T2,M30,June,2,38,13.6605360524,6.83026802621,6.83026802621,2,0,1
v2,true_oos,T2,M30,July,2,48,10.2511965487,5.12559827433,5.12559827433,1,1,0.5
v2,true_oos,T2,M30,August,2,39,-14.5133739592,-7.2566869796,-7.2566869796,0,2,0
v2,true_oos,T2,M30,September,2,39,12.0829887344,6.04149436722,6.04149436722,1,1,0.5
v2,true_oos,T2,M30,October,1,23,3.37833632429,3.37833632429,3.37833632429,1,0,1
v2,true_oos,T2,M30,November,1,12,-1.00668074898,-1.00668074898,-1.00668074898,0,1,0
v2,true_oos,T2,M30,December,1,31,88.3102148687,88.3102148687,88.3102148687,1,0,1
v2,development,T2,H1,January,5,50,36.6745239164,7.33490478329,4.88301395601,4,1,0.8
v2,development,T2,H1,February,5,64,6.16987575299,1.2339751506,4.06917749399,3,2,0.6
v2,development,T2,H1,March,5,58,-9.39460843449,-1.8789216869,-3.57650324212,2,3,0.4
v2,development,T2,H1,April,5,69,28.7295130955,5.74590261911,4.63282621229,5,0,1
v2,development,T2,H1,May,5,52,14.051222699,2.8102445398,0.153700853424,3,2,0.6
v2,development,T2,H1,June,5,63,24.6261611724,4.92523223449,6.63469916153,4,1,0.8
v2,development,T2,H1,July,5,54,20.3568494914,4.07136989827,3.82833886787,3,2,0.6
v2,development,T2,H1,August,5,66,-2.4446398057,-0.488927961139,0.61281692439,3,2,0.6
v2,development,T2,H1,September,5,70,39.3235839703,7.86471679407,6.13971420493,4,1,0.8
v2,development,T2,H1,October,5,52,26.8895663132,5.37791326264,1.03337804912,3,2,0.6
v2,development,T2,H1,November,5,58,-5.19192775799,-1.0383855516,-1.7343743535,1,4,0.2
v2,development,T2,H1,December,5,51,14.5780647746,2.91561295493,-0.477170210547,2,3,0.4
v2,walk_forward,T2,H1,January,1,4,-2.79615821452,-2.79615821452,-2.79615821452,0,1,0
v2,walk_forward,T2,H1,February,1,12,1.79372476555,1.79372476555,1.79372476555,1,0,1
v2,walk_forward,T2,H1,March,1,8,1.31765797901,1.31765797901,1.31765797901,1,0,1
v2,walk_forward,T2,H1,April,1,7,-1.88509774519,-1.88509774519,-1.88509774519,0,1,0
v2,walk_forward,T2,H1,May,1,16,12.555361917,12.555361917,12.555361917,1,0,1
v2,walk_forward,T2,H1,June,1,8,0.551864860824,0.551864860824,0.551864860824,1,0,1
v2,walk_forward,T2,H1,July,1,5,2.35801468326,2.35801468326,2.35801468326,1,0,1
v2,walk_forward,T2,H1,August,1,13,-4.75919348381,-4.75919348381,-4.75919348381,0,1,0
v2,walk_forward,T2,H1,September,1,13,15.3475400733,15.3475400733,15.3475400733,1,0,1
v2,walk_forward,T2,H1,October,1,4,5.26975390479,5.26975390479,5.26975390479,1,0,1
v2,walk_forward,T2,H1,November,1,17,1.09474611904,1.09474611904,1.09474611904,1,0,1
v2,walk_forward,T2,H1,December,1,10,2.67730717771,2.67730717771,2.67730717771,1,0,1
v2,true_oos,T2,H1,January,2,20,3.32648655712,1.66324327856,1.66324327856,1,1,0.5
v2,true_oos,T2,H1,February,2,27,3.85097597564,1.92548798782,1.92548798782,2,0,1
v2,true_oos,T2,H1,March,2,26,14.5873584764,7.29367923819,7.29367923819,1,1,0.5
v2,true_oos,T2,H1,April,2,28,5.00393035563,2.50196517781,2.50196517781,2,0,1
v2,true_oos,T2,H1,May,2,23,10.5592670729,5.27963353643,5.27963353643,1,1,0.5
v2,true_oos,T2,H1,June,2,28,-5.71788035348,-2.85894017674,-2.85894017674,0,2,0
v2,true_oos,T2,H1,July,2,30,-4.9207075745,-2.46035378725,-2.46035378725,0,2,0
v2,true_oos,T2,H1,August,2,32,6.22796525165,3.11398262582,3.11398262582,1,1,0.5
v2,true_oos,T2,H1,September,2,27,-4.87147915619,-2.4357395781,-2.4357395781,0,2,0
v2,true_oos,T2,H1,October,1,15,-4.92127312363,-4.92127312363,-4.92127312363,0,1,0
v2,true_oos,T2,H1,November,1,18,7.93666686906,7.93666686906,7.93666686906,1,0,1
v2,true_oos,T2,H1,December,1,23,7.67112439549,7.67112439549,7.67112439549,1,0,1
v2,development,T3,M30,January,5,111,-7.97501994215,-1.59500398843,-1.0552893998,1,4,0.2
v2,development,T3,M30,February,5,131,24.3428131526,4.86856263051,1.78171720238,3,2,0.6
v2,development,T3,M30,March,5,112,48.2390016911,9.64780033822,11.2176418137,5,0,1
v2,development,T3,M30,April,5,134,20.0459210696,4.00918421392,1.27462014971,4,1,0.8
v2,development,T3,M30,May,5,123,6.91310401374,1.38262080275,3.62923415489,4,1,0.8
v2,development,T3,M30,June,5,123,11.8754199455,2.3750839891,1.63617852823,3,2,0.6
v2,development,T3,M30,July,5,137,-3.64450910543,-0.728901821086,-1.84156896381,2,3,0.4
v2,development,T3,M30,August,5,159,15.550456786,3.11009135721,3.39863244083,4,1,0.8
v2,development,T3,M30,September,5,161,13.10766481,2.621532962,-1.24853842564,2,3,0.4
v2,development,T3,M30,October,5,124,48.7581434311,9.75162868623,8.28830666302,4,1,0.8
v2,development,T3,M30,November,5,129,37.02442134,7.40488426801,5.93069666029,5,0,1
v2,development,T3,M30,December,5,119,43.3365611019,8.66731222039,4.20362743349,4,1,0.8
v2,walk_forward,T3,M30,January,1,10,-4.57403975156,-4.57403975156,-4.57403975156,0,1,0
v2,walk_forward,T3,M30,February,1,31,-5.48957718507,-5.48957718507,-5.48957718507,0,1,0
v2,walk_forward,T3,M30,March,1,24,11.8904352393,11.8904352393,11.8904352393,1,0,1
v2,walk_forward,T3,M30,April,1,22,-7.91709200678,-7.91709200678,-7.91709200678,0,1,0
v2,walk_forward,T3,M30,May,1,38,3.34174482465,3.34174482465,3.34174482465,1,0,1
v2,walk_forward,T3,M30,June,1,31,9.44673510839,9.44673510839,9.44673510839,1,0,1
v2,walk_forward,T3,M30,July,1,18,1.08709477453,1.08709477453,1.08709477453,1,0,1
v2,walk_forward,T3,M30,August,1,38,-3.07169271769,-3.07169271769,-3.07169271769,0,1,0
v2,walk_forward,T3,M30,September,1,33,9.50090920466,9.50090920466,9.50090920466,1,0,1
v2,walk_forward,T3,M30,October,1,17,-1.36156554944,-1.36156554944,-1.36156554944,0,1,0
v2,walk_forward,T3,M30,November,1,37,14.5711079108,14.5711079108,14.5711079108,1,0,1
v2,walk_forward,T3,M30,December,1,25,2.08339610206,2.08339610206,2.08339610206,1,0,1
v2,true_oos,T3,M30,January,2,57,5.79311778421,2.8965588921,2.8965588921,1,1,0.5
v2,true_oos,T3,M30,February,2,58,-1.63783408135,-0.818917040677,-0.818917040677,1,1,0.5
v2,true_oos,T3,M30,March,2,55,37.7850132027,18.8925066014,18.8925066014,2,0,1
v2,true_oos,T3,M30,April,2,66,12.992334654,6.49616732702,6.49616732702,2,0,1
v2,true_oos,T3,M30,May,2,58,-4.85843751538,-2.42921875769,-2.42921875769,0,2,0
v2,true_oos,T3,M30,June,2,67,26.0426804452,13.0213402226,13.0213402226,2,0,1
v2,true_oos,T3,M30,July,2,74,32.2613141966,16.1306570983,16.1306570983,2,0,1
v2,true_oos,T3,M30,August,2,79,-2.20127076465,-1.10063538232,-1.10063538232,1,1,0.5
v2,true_oos,T3,M30,September,2,64,35.4304113253,17.7152056627,17.7152056627,2,0,1
v2,true_oos,T3,M30,October,1,58,16.9602154008,16.9602154008,16.9602154008,1,0,1
v2,true_oos,T3,M30,November,1,21,0.181606395465,0.181606395465,0.181606395465,1,0,1
v2,true_oos,T3,M30,December,1,41,-2.99886447419,-2.99886447419,-2.99886447419,0,1,0
v2,development,T3,H1,January,4,48,4.56676792323,1.14169198081,1.35431537231,3,1,0.75
v2,development,T3,H1,February,5,67,-7.46572584828,-1.49314516966,-0.760373831198,2,3,0.4
v2,development,T3,H1,March,5,61,37.1058463766,7.42116927532,1.91483297758,3,2,0.6
v2,development,T3,H1,April,5,60,16.4206322551,3.28412645102,1.80862748505,4,1,0.8
v2,development,T3,H1,May,5,56,-0.977401927248,-0.19548038545,1.66788832319,3,2,0.6
v2,development,T3,H1,June,5,66,20.3447678743,4.06895357485,0.373400878289,3,2,0.6
v2,development,T3,H1,July,5,57,16.9947596253,3.39895192506,4.69045678638,4,1,0.8
v2,development,T3,H1,August,5,71,7.36285178327,1.47257035665,0.422775994877,3,2,0.6
v2,development,T3,H1,September,5,74,26.0425828645,5.2085165729,5.91116713603,4,1,0.8
v2,development,T3,H1,October,5,58,-1.30844533305,-0.26168906661,-0.197998489848,2,3,0.4
v2,development,T3,H1,November,5,61,21.4953033505,4.29906067011,-0.784355425389,2,3,0.4
v2,development,T3,H1,December,5,62,10.9687535741,2.19375071482,-1.50280301426,2,3,0.4
v2,walk_forward,T3,H1,February,1,8,-4.94250935817,-4.94250935817,-4.94250935817,0,1,0
v2,walk_forward,T3,H1,March,1,6,6.47840214391,6.47840214391,6.47840214391,1,0,1
v2,walk_forward,T3,H1,May,1,20,-7.69431330597,-7.69431330597,-7.69431330597,0,1,0
v2,walk_forward,T3,H1,June,1,27,16.6395481024,16.6395481024,16.6395481024,1,0,1
v2,walk_forward,T3,H1,August,1,9,-0.077585627329,-0.077585627329,-0.077585627329,0,1,0
v2,walk_forward,T3,H1,September,1,14,6.08397490543,6.08397490543,6.08397490543,1,0,1
v2,walk_forward,T3,H1,November,1,8,15.6854665148,15.6854665148,15.6854665148,1,0,1
v2,walk_forward,T3,H1,December,1,3,-3.08201978075,-3.08201978075,-3.08201978075,0,1,0
v2,true_oos,T3,H1,January,1,23,5.69483318812,5.69483318812,5.69483318812,1,0,1
v2,true_oos,T3,H1,February,2,13,8.31420052183,4.15710026092,4.15710026092,2,0,1
v2,true_oos,T3,H1,March,2,35,20.2750585906,10.1375292953,10.1375292953,2,0,1
v2,true_oos,T3,H1,April,2,32,-3.99120373314,-1.99560186657,-1.99560186657,1,1,0.5
v2,true_oos,T3,H1,May,2,18,-7.72248184015,-3.86124092008,-3.86124092008,0,2,0
v2,true_oos,T3,H1,June,2,32,22.8972223427,11.4486111714,11.4486111714,2,0,1
v2,true_oos,T3,H1,July,2,34,3.48221072393,1.74110536197,1.74110536197,2,0,1
v2,true_oos,T3,H1,August,2,35,3.39337517536,1.69668758768,1.69668758768,1,1,0.5
v2,true_oos,T3,H1,September,2,38,10.9121638568,5.45608192841,5.45608192841,1,1,0.5
v2,true_oos,T3,H1,October,1,40,12.2853600422,12.2853600422,12.2853600422,1,0,1
v2,true_oos,T3,H1,November,1,8,-5.82834901552,-5.82834901552,-5.82834901552,0,1,0
v2,true_oos,T3,H1,December,1,19,-5.37712145763,-5.37712145763,-5.37712145763,0,1,0
v3,development,T2,M30,January,2,28,-8.8468497875,-4.42342489375,-4.42342489375,0,2,0
v3,development,T2,M30,February,2,27,-5.8694228515,-2.93471142575,-2.93471142575,0,2,0
v3,development,T2,M30,March,2,31,9.48079147863,4.74039573931,4.74039573931,2,0,1
v3,development,T2,M30,April,2,25,23.5823098296,11.7911549148,11.7911549148,2,0,1
v3,development,T2,M30,May,2,34,-4.78041594674,-2.39020797337,-2.39020797337,0,2,0
v3,development,T2,M30,June,2,23,12.1718193305,6.08590966525,6.08590966525,2,0,1
v3,development,T2,M30,July,2,28,15.9129253285,7.95646266425,7.95646266425,2,0,1
v3,development,T2,M30,August,2,30,14.4382610518,7.21913052591,7.21913052591,2,0,1
v3,development,T2,M30,September,2,35,-1.85596475623,-0.927982378114,-0.927982378114,1,1,0.5
v3,development,T2,M30,October,2,34,13.0035821484,6.50179107421,6.50179107421,2,0,1
v3,development,T2,M30,November,2,30,29.2283685011,14.6141842505,14.6141842505,2,0,1
v3,development,T2,M30,December,2,41,0.446233518666,0.223116759333,0.223116759333,1,1,0.5
v3,walk_forward,T2,M30,January,1,12,-0.389421185178,-0.389421185178,-0.389421185178,0,1,0
v3,walk_forward,T2,M30,February,1,15,-1.88890061675,-1.88890061675,-1.88890061675,0,1,0
v3,walk_forward,T2,M30,March,1,18,7.97449213217,7.97449213217,7.97449213217,1,0,1
v3,walk_forward,T2,M30,April,1,15,1.38441383061,1.38441383061,1.38441383061,1,0,1
v3,walk_forward,T2,M30,May,1,23,-0.731421228237,-0.731421228237,-0.731421228237,0,1,0
v3,walk_forward,T2,M30,June,1,19,7.67760677646,7.67760677646,7.67760677646,1,0,1
v3,walk_forward,T2,M30,July,1,13,11.7385030128,11.7385030128,11.7385030128,1,0,1
v3,walk_forward,T2,M30,August,1,13,4.38704521184,4.38704521184,4.38704521184,1,0,1
v3,walk_forward,T2,M30,September,1,19,0.0253372656656,0.0253372656656,0.0253372656656,1,0,1
v3,walk_forward,T2,M30,October,1,12,9.62563674757,9.62563674757,9.62563674757,1,0,1
v3,walk_forward,T2,M30,November,1,15,22.3337983283,22.3337983283,22.3337983283,1,0,1
v3,walk_forward,T2,M30,December,1,19,-0.739469655571,-0.739469655571,-0.739469655571,0,1,0
v3,true_oos,T2,M30,January,2,21,-4.975268848,-2.487634424,-2.487634424,0,2,0
v3,true_oos,T2,M30,February,2,47,7.08132967821,3.5406648391,3.5406648391,1,1,0.5
v3,true_oos,T2,M30,March,2,30,-5.52242438131,-2.76121219065,-2.76121219065,0,2,0
v3,true_oos,T2,M30,April,2,32,-4.17634827783,-2.08817413892,-2.08817413892,1,1,0.5
v3,true_oos,T2,M30,May,2,34,25.2611962296,12.6305981148,12.6305981148,2,0,1
v3,true_oos,T2,M30,June,2,31,0.0805813121236,0.0402906560618,0.0402906560618,1,1,0.5
v3,true_oos,T2,M30,July,2,41,-2.00763323529,-1.00381661764,-1.00381661764,0,2,0
v3,true_oos,T2,M30,August,2,40,-4.71050795999,-2.35525398,-2.35525398,0,2,0
v3,true_oos,T2,M30,September,2,32,5.66593513859,2.83296756929,2.83296756929,1,1,0.5
v3,true_oos,T2,M30,October,1,18,3.94567094723,3.94567094723,3.94567094723,1,0,1
v3,true_oos,T2,M30,November,1,13,4.45257470167,4.45257470167,4.45257470167,1,0,1
v3,true_oos,T2,M30,December,1,22,8.08788402474,8.08788402474,8.08788402474,1,0,1
v3,development,T2,H1,January,2,5,-0.965866213386,-0.482933106693,-0.482933106693,1,1,0.5
v3,development,T2,H1,February,2,14,4.60697342531,2.30348671265,2.30348671265,1,1,0.5
v3,development,T2,H1,March,2,15,-5.4521591293,-2.72607956465,-2.72607956465,0,2,0
v3,development,T2,H1,April,2,16,12.9523115862,6.47615579308,6.47615579308,2,0,1
v3,development,T2,H1,May,2,10,10.3720695419,5.18603477096,5.18603477096,1,1,0.5
v3,development,T2,H1,June,2,12,8.63557886528,4.31778943264,4.31778943264,1,1,0.5
v3,development,T2,H1,July,2,9,-0.108368260226,-0.054184130113,-0.054184130113,1,1,0.5
v3,development,T2,H1,August,2,18,19.9092574763,9.95462873815,9.95462873815,2,0,1
v3,development,T2,H1,September,2,20,-1.59136730827,-0.795683654134,-0.795683654134,1,1,0.5
v3,development,T2,H1,October,2,26,10.7625195389,5.38125976945,5.38125976945,2,0,1
v3,development,T2,H1,November,2,18,22.3328682095,11.1664341048,11.1664341048,1,1,0.5
v3,development,T2,H1,December,2,13,-0.966928980085,-0.483464490043,-0.483464490043,1,1,0.5
v3,walk_forward,T2,H1,January,1,2,-0.37282692985,-0.37282692985,-0.37282692985,0,1,0
v3,walk_forward,T2,H1,February,1,11,5.64148425063,5.64148425063,5.64148425063,1,0,1
v3,walk_forward,T2,H1,March,1,10,-4.43060922523,-4.43060922523,-4.43060922523,0,1,0
v3,walk_forward,T2,H1,April,1,6,1.59911546802,1.59911546802,1.59911546802,1,0,1
v3,walk_forward,T2,H1,May,1,9,13.5064032591,13.5064032591,13.5064032591,1,0,1
v3,walk_forward,T2,H1,June,1,5,0.950187586928,0.950187586928,0.950187586928,1,0,1
v3,walk_forward,T2,H1,July,1,2,-1.48418713003,-1.48418713003,-1.48418713003,0,1,0
v3,walk_forward,T2,H1,August,1,8,1.42933625079,1.42933625079,1.42933625079,1,0,1
v3,walk_forward,T2,H1,September,1,10,1.92713745829,1.92713745829,1.92713745829,1,0,1
v3,walk_forward,T2,H1,October,1,4,1.70450784747,1.70450784747,1.70450784747,1,0,1
v3,walk_forward,T2,H1,November,1,14,25.0037528462,25.0037528462,25.0037528462,1,0,1
v3,walk_forward,T2,H1,December,1,4,2.83226623465,2.83226623465,2.83226623465,1,0,1
v3,true_oos,T2,H1,January,2,10,0.11415514806,0.05707757403,0.05707757403,1,1,0.5
v3,true_oos,T2,H1,February,2,11,1.05562956803,0.527814784015,0.527814784015,1,1,0.5
v3,true_oos,T2,H1,March,2,11,3.60043967264,1.80021983632,1.80021983632,2,0,1
v3,true_oos,T2,H1,April,2,18,24.1266973328,12.0633486664,12.0633486664,2,0,1
v3,true_oos,T2,H1,May,2,16,-0.303126521132,-0.151563260566,-0.151563260566,1,1,0.5
v3,true_oos,T2,H1,June,2,13,-5.1536057025,-2.57680285125,-2.57680285125,0,2,0
v3,true_oos,T2,H1,July,2,25,20.9225061584,10.4612530792,10.4612530792,2,0,1
v3,true_oos,T2,H1,August,2,20,11.4721695015,5.73608475074,5.73608475074,1,1,0.5
v3,true_oos,T2,H1,September,2,16,2.27790115988,1.13895057994,1.13895057994,1,1,0.5
v3,true_oos,T2,H1,October,1,12,5.46185310996,5.46185310996,5.46185310996,1,0,1
v3,true_oos,T2,H1,November,1,9,2.25112447557,2.25112447557,2.25112447557,1,0,1
v3,true_oos,T2,H1,December,1,11,-0.290011476759,-0.290011476759,-0.290011476759,0,1,0
v3,development,T3,M30,January,2,16,6.06542392229,3.03271196114,3.03271196114,2,0,1
v3,development,T3,M30,February,2,40,-5.15205185377,-2.57602592689,-2.57602592689,1,1,0.5
v3,development,T3,M30,March,2,24,2.15007396746,1.07503698373,1.07503698373,2,0,1
v3,development,T3,M30,April,2,34,29.7230405772,14.8615202886,14.8615202886,2,0,1
v3,development,T3,M30,May,2,31,-5.21503904335,-2.60751952168,-2.60751952168,1,1,0.5
v3,development,T3,M30,June,2,31,14.8893895702,7.44469478512,7.44469478512,1,1,0.5
v3,development,T3,M30,July,2,22,12.146173833,6.07308691651,6.07308691651,2,0,1
v3,development,T3,M30,August,2,50,11.0701547988,5.53507739941,5.53507739941,2,0,1
v3,development,T3,M30,September,2,33,9.4775155729,4.73875778645,4.73875778645,2,0,1
v3,development,T3,M30,October,2,42,13.3839020958,6.6919510479,6.6919510479,2,0,1
v3,development,T3,M30,November,2,39,34.2757257522,17.1378628761,17.1378628761,2,0,1
v3,development,T3,M30,December,2,36,7.62093570103,3.81046785051,3.81046785051,1,1,0.5
v3,walk_forward,T3,M30,January,1,5,0.462449678819,0.462449678819,0.462449678819,1,0,1
v3,walk_forward,T3,M30,February,1,25,-9.98676947601,-9.98676947601,-9.98676947601,0,1,0
v3,walk_forward,T3,M30,March,1,11,1.19386737601,1.19386737601,1.19386737601,1,0,1
v3,walk_forward,T3,M30,April,1,7,0.734079709707,0.734079709707,0.734079709707,1,0,1
v3,walk_forward,T3,M30,May,1,21,-7.52841825399,-7.52841825399,-7.52841825399,0,1,0
v3,walk_forward,T3,M30,June,1,18,14.9251168358,14.9251168358,14.9251168358,1,0,1
v3,walk_forward,T3,M30,July,1,5,1.3276325362,1.3276325362,1.3276325362,1,0,1
v3,walk_forward,T3,M30,August,1,20,3.50101032935,3.50101032935,3.50101032935,1,0,1
v3,walk_forward,T3,M30,September,1,22,7.13062583795,7.13062583795,7.13062583795,1,0,1
v3,walk_forward,T3,M30,October,1,4,2.65938019246,2.65938019246,2.65938019246,1,0,1
v3,walk_forward,T3,M30,November,1,23,30.4758907122,30.4758907122,30.4758907122,1,0,1
v3,walk_forward,T3,M30,December,1,10,1.77100902979,1.77100902979,1.77100902979,1,0,1
v3,true_oos,T3,M30,January,2,19,7.36015089253,3.68007544626,3.68007544626,1,1,0.5
v3,true_oos,T3,M30,February,2,30,7.57847973215,3.78923986607,3.78923986607,1,1,0.5
v3,true_oos,T3,M30,March,2,35,11.5095911837,5.75479559185,5.75479559185,1,1,0.5
v3,true_oos,T3,M30,April,2,31,6.67823614699,3.33911807349,3.33911807349,1,1,0.5
v3,true_oos,T3,M30,May,2,36,9.9600339245,4.98001696225,4.98001696225,1,1,0.5
v3,true_oos,T3,M30,June,2,38,10.6202245617,5.31011228085,5.31011228085,1,1,0.5
v3,true_oos,T3,M30,July,2,48,23.393009864,11.696504932,11.696504932,1,1,0.5
v3,true_oos,T3,M30,August,2,40,26.333017286,13.166508643,13.166508643,2,0,1
v3,true_oos,T3,M30,September,2,38,44.5281402284,22.2640701142,22.2640701142,1,1,0.5
v3,true_oos,T3,M30,October,1,25,7.83978997675,7.83978997675,7.83978997675,1,0,1
v3,true_oos,T3,M30,November,1,12,3.24529456942,3.24529456942,3.24529456942,1,0,1
v3,true_oos,T3,M30,December,1,17,-2.57380918759,-2.57380918759,-2.57380918759,0,1,0
v3,development,T3,H1,January,1,7,0.154496910269,0.154496910269,0.154496910269,1,0,1
v3,development,T3,H1,February,2,15,-5.66828178009,-2.83414089005,-2.83414089005,0,2,0
v3,development,T3,H1,March,2,11,1.62092841546,0.810464207729,0.810464207729,1,1,0.5
v3,development,T3,H1,April,2,20,16.8450700368,8.42253501841,8.42253501841,2,0,1
v3,development,T3,H1,May,2,17,3.02310987013,1.51155493507,1.51155493507,1,1,0.5
v3,development,T3,H1,June,2,21,30.7312658998,15.3656329499,15.3656329499,2,0,1
v3,development,T3,H1,July,2,9,2.81520134842,1.40760067421,1.40760067421,1,1,0.5
v3,development,T3,H1,August,2,26,5.13424569081,2.5671228454,2.5671228454,1,1,0.5
v3,development,T3,H1,September,2,12,3.37354090201,1.68677045101,1.68677045101,1,1,0.5
v3,development,T3,H1,October,2,14,4.24121928571,2.12060964285,2.12060964285,1,1,0.5
v3,development,T3,H1,November,2,19,19.0733267055,9.53666335273,9.53666335273,2,0,1
v3,development,T3,H1,December,2,13,0.829094877215,0.414547438607,0.414547438607,1,1,0.5
v3,walk_forward,T3,H1,February,1,5,-1.61593806101,-1.61593806101,-1.61593806101,0,1,0
v3,walk_forward,T3,H1,March,1,8,2.17212651272,2.17212651272,2.17212651272,1,0,1
v3,walk_forward,T3,H1,May,1,7,2.00615463579,2.00615463579,2.00615463579,1,0,1
v3,walk_forward,T3,H1,June,1,13,20.856357902,20.856357902,20.856357902,1,0,1
v3,walk_forward,T3,H1,August,1,9,0.189703147885,0.189703147885,0.189703147885,1,0,1
v3,walk_forward,T3,H1,September,1,9,4.44587050811,4.44587050811,4.44587050811,1,0,1
v3,walk_forward,T3,H1,November,1,11,10.3126221216,10.3126221216,10.3126221216,1,0,1
v3,walk_forward,T3,H1,December,1,4,-0.0737476743824,-0.0737476743824,-0.0737476743824,0,1,0
v3,true_oos,T3,H1,January,1,11,6.06731805694,6.06731805694,6.06731805694,1,0,1
v3,true_oos,T3,H1,February,2,7,-2.25183583865,-1.12591791932,-1.12591791932,1,1,0.5
v3,true_oos,T3,H1,March,2,21,16.4104743038,8.20523715188,8.20523715188,2,0,1
v3,true_oos,T3,H1,April,2,19,-1.73069813502,-0.865349067512,-0.865349067512,1,1,0.5
v3,true_oos,T3,H1,May,2,13,1.87473084508,0.937365422539,0.937365422539,2,0,1
v3,true_oos,T3,H1,June,2,17,10.4878986638,5.24394933192,5.24394933192,1,1,0.5
v3,true_oos,T3,H1,July,2,21,3.68784367311,1.84392183655,1.84392183655,1,1,0.5
v3,true_oos,T3,H1,August,2,23,25.0810091275,12.5405045638,12.5405045638,1,1,0.5
v3,true_oos,T3,H1,September,2,23,24.1201578526,12.0600789263,12.0600789263,1,1,0.5
v3,true_oos,T3,H1,October,1,22,9.7032246593,9.7032246593,9.7032246593,1,0,1
v3,true_oos,T3,H1,November,1,8,-5.02517283863,-5.02517283863,-5.02517283863,0,1,0
v3,true_oos,T3,H1,December,1,14,-3.99389584955,-3.99389584955,-3.99389584955,0,1,0
