trade_id,strategy,symbol,direction,entry_time,entry_price,initial_stop,initial_risk,exit_time,exit_price,exit_reason,bars_held,gross_profit,gross_R,MAE_points,MFE_points,MAE_R,MFE_R,profit_points,profit_R,quantity,costs,net_profit,tick_size,initial_risk_ticks,cost_R,strategy_id,initial_risk_points,year
T3-Si-M30-000001,T3_MTF_Trend_v1.0,Si,LONG,2023-01-30 15:00:00+03:00,70,69.7934130989,0.206586901069,2023-01-31 10:00:00+03:00,70.5710808297,ATR_TRAILING_STOP,20,2764.36127734,2.76436127734,0.17,0.9,0.822898253084,4.35652016339,0.571080829721,2.76436127734,4840.57795932,0,2764.36127734,0.001,206.586901069,0,T3_MTF_Trend_v1.0,0.206586901069,2023
T3-Si-M30-000002,T3_MTF_Trend_v1.0,Si,LONG,2023-02-02 17:00:00+03:00,70.31,70.0274720622,0.28252793785,2023-02-02 22:30:00+03:00,70.2131377271,ATR_TRAILING_STOP,11,-352.318771647,-0.34284139683,0.1,0.28,0.353947297252,0.991052432304,-0.096862272856,-0.34284139683,3637.31679279,0,-352.318771647,0.001,282.52793785,0,T3_MTF_Trend_v1.0,0.28252793785,2023
T3-Si-M30-000003,T3_MTF_Trend_v1.0,Si,LONG,2023-02-08 10:30:00+03:00,71.5,71.2525741723,0.247425827713,2023-02-09 15:00:00+03:00,72.7169808468,ATR_TRAILING_STOP,39,5037.20631612,4.91856835669,0.02,1.7,0.080832305119,6.87074593511,1.21698084682,4.91856835669,4139.10073384,0,5037.20631612,0.001,247.425827713,0,T3_MTF_Trend_v1.0,0.247425827713,2023
T3-Si-M30-000004,T3_MTF_Trend_v1.0,Si,LONG,2023-02-10 17:30:00+03:00,73.17,72.8777946532,0.292205346755,2023-02-10 23:30:00+03:00,73.1580177023,ATR_TRAILING_STOP,12,-44.0610996387,-0.0410064287297,0.07,0.43,0.239557560385,1.47156787093,-0.0119822977261,-0.0410064287297,3677.1828447,0,-44.0610996387,0.001,292.205346755,0,T3_MTF_Trend_v1.0,0.292205346755,2023
T3-Si-M30-000005,T3_MTF_Trend_v1.0,Si,LONG,2023-02-13 11:30:00+03:00,73.65,73.3076567543,0.342343245653,2023-02-13 20:30:00+03:00,73.4704604152,ATR_TRAILING_STOP,18,-563.279195659,-0.524443192741,0.179539584764,0.2,0.524443192741,0.584208984811,-0.179539584764,-0.524443192741,3137.35378413,0,-563.279195659,0.001,342.343245653,0,T3_MTF_Trend_v1.0,0.342343245653,2023
T3-Si-M30-000006,T3_MTF_Trend_v1.0,Si,LONG,2023-02-15 11:30:00+03:00,73.99,73.7062162616,0.283783738372,2023-02-17 11:00:00+03:00,74.8475739943,ATR_TRAILING_STOP,59,3228.68543414,3.02192789203,0,1.15,0,4.05238160086,0.857573994291,3.02192789203,3764.90595055,0,3228.68543414,0.001,283.783738372,0,T3_MTF_Trend_v1.0,0.283783738372,2023
T3-Si-M30-000007,T3_MTF_Trend_v1.0,Si,LONG,2023-02-20 17:30:00+03:00,74.68,74.2754494996,0.404550500445,2023-02-21 13:00:00+03:00,74.4380499009,ATR_TRAILING_STOP,21,-658.300782796,-0.598071436801,0.29,0.3,0.71684499137,0.741563784175,-0.24195009906,-0.598071436801,2720.81220613,0,-658.300782796,0.001,404.550500445,0,T3_MTF_Trend_v1.0,0.404550500445,2023
T3-Si-M30-000008,T3_MTF_Trend_v1.0,Si,LONG,2023-02-28 14:00:00+03:00,74.99,74.5595543388,0.430445661206,2023-03-01 16:30:00+03:00,74.9555172656,ATR_TRAILING_STOP,35,-87.6495080955,-0.0801093785257,0.3,0.36,0.696952082546,0.836342499055,-0.0344827344083,-0.0801093785257,2541.83751955,0,-87.6495080955,0.001,430.445661206,0,T3_MTF_Trend_v1.0,0.430445661206,2023
T3-Si-M30-000009,T3_MTF_Trend_v1.0,Si,LONG,2023-03-14 20:30:00+03:00,75.5,75.2832040012,0.21679599881,2023-03-16 11:00:00+03:00,76.0764786345,ATR_TRAILING_STOP,41,2907.0334161,2.65908336722,0.09,0.99,0.415136812921,4.56650494213,0.576478634516,2.65908336722,5042.74268298,0,2907.0334161,0.001,216.79599881,0,T3_MTF_Trend_v1.0,0.21679599881,2023
T3-Si-M30-000010,T3_MTF_Trend_v1.0,Si,LONG,2023-03-17 15:00:00+03:00,76.9,76.5822282049,0.317771795058,2023-03-20 13:00:00+03:00,77.3401715579,ATR_TRAILING_STOP,26,1554.61223788,1.38518133048,0.08,0.92,0.251752991436,2.89515940152,0.440171557867,1.38518133048,3531.83255503,0,1554.61223788,0.001,317.771795058,0,T3_MTF_Trend_v1.0,0.317771795058,2023
T3-Si-M30-000011,T3_MTF_Trend_v1.0,Si,LONG,2023-03-24 16:30:00+03:00,76.83,76.5241552035,0.305844796541,2023-03-27 09:30:00+03:00,76.9144189697,ATR_TRAILING_STOP,16,314.071758609,0.276018983021,0.09,0.41,0.29426689948,1.34054920874,0.0844189697034,0.276018983021,3720.39317362,0,314.071758609,0.001,305.844796541,0,T3_MTF_Trend_v1.0,0.305844796541,2023
T3-Si-M30-000012,T3_MTF_Trend_v1.0,Si,LONG,2023-03-31 16:30:00+03:00,77.97,77.6767903311,0.293209668929,2023-03-31 17:00:00+03:00,77.6767903311,ATR_TRAILING_STOP,1,-1141.00361082,-1,0.293209668929,0,1,0,-0.293209668929,-1,3891.42559654,0,-1141.00361082,0.001,293.209668929,0,T3_MTF_Trend_v1.0,0.293209668929,2023
T3-Si-M30-000013,T3_MTF_Trend_v1.0,Si,LONG,2023-04-03 14:00:00+03:00,78.2,77.8828434481,0.31715655193,2023-04-04 10:30:00+03:00,79.2464483011,ATR_TRAILING_STOP,23,3727.05930233,3.29946928325,0.01,1.6,0.0315301700033,5.04482720052,1.04644830108,3.29946928325,3561.62774454,0,3727.05930233,0.001,317.15655193,0,T3_MTF_Trend_v1.0,0.31715655193,2023
T3-Si-M30-000014,T3_MTF_Trend_v1.0,Si,LONG,2023-04-05 10:30:00+03:00,79.65,79.3511089609,0.298891039133,2023-04-06 16:30:00+03:00,80.5701241297,ATR_TRAILING_STOP,42,3592.1447494,3.07846007163,0.27,1.45,0.903339226172,4.85126621463,0.920124129738,3.07846007163,3903.97842346,0,3592.1447494,0.001,298.891039133,0,T3_MTF_Trend_v1.0,0.298891039133,2023
T3-Si-M30-000015,T3_MTF_Trend_v1.0,Si,LONG,2023-04-06 18:30:00+03:00,81.24,80.8613320572,0.378667942793,2023-04-07 10:00:00+03:00,82.0375375977,ATR_TRAILING_STOP,13,2533.26633096,2.10616613541,0.09,1.42,0.23767525536,3.74998736235,0.797537597676,2.10616613541,3176.35975826,0,2533.26633096,0.001,378.667942793,0,T3_MTF_Trend_v1.0,0.378667942793,2023
T3-Si-M30-000016,T3_MTF_Trend_v1.0,Si,LONG,2023-04-07 13:00:00+03:00,83.13,82.6383920138,0.491607986165,2023-04-07 14:00:00+03:00,82.6383920138,ATR_TRAILING_STOP,2,-1228.11827854,-1,0.491607986165,0.29,1,0.58990091325,-0.491607986165,-1,2498.16584169,0,-1228.11827854,0.001,491.607986165,0,T3_MTF_Trend_v1.0,0.491607986165,2023
T3-Si-M30-000017,T3_MTF_Trend_v1.0,Si,LONG,2023-04-10 11:30:00+03:00,81.79,81.2421333087,0.54786669128,2023-04-10 19:30:00+03:00,81.3514720914,ATR_TRAILING_STOP,16,-973.190207132,-0.800428125222,0.438527908573,0.23,0.800428125222,0.419810153931,-0.438527908573,-0.800428125222,2219.22068837,0,-973.190207132,0.001,547.86669128,0,T3_MTF_Trend_v1.0,0.54786669128,2023
T3-Si-M30-000018,T3_MTF_Trend_v1.0,Si,LONG,2023-04-11 12:30:00+03:00,82.48,82.0970135422,0.382986457818,2023-04-11 13:30:00+03:00,82.0970135422,ATR_TRAILING_STOP,2,-1206.10519369,-1,0.382986457818,0.07,1,0.182774086579,-0.382986457818,-1,3149.21107278,0,-1206.10519369,0.001,382.986457818,0,T3_MTF_Trend_v1.0,0.382986457818,2023
T3-Si-M30-000019,T3_MTF_Trend_v1.0,Si,SHORT,2023-05-04 12:30:00+03:00,78.41,78.7975341775,0.387534177504,2023-05-04 21:30:00+03:00,78.1143479355,ATR_TRAILING_STOP,18,910.943178879,0.76290578131,0.04,0.83,0.103216702737,2.1417465818,0.295652064473,0.76290578131,3081.13248085,0,910.943178879,0.001,387.534177504,0,T3_MTF_Trend_v1.0,0.387534177504,2023
T3-Si-M30-000020,T3_MTF_Trend_v1.0,Si,SHORT,2023-05-05 10:00:00+03:00,77.12,77.5525154056,0.43251540559,2023-05-05 13:30:00+03:00,77.0826125911,ATR_TRAILING_STOP,7,104.002757077,0.0864417970947,0.23,0.81,0.531772965835,1.87276566229,0.0373874089303,0.0864417970947,2781.75888763,0,104.002757077,0.001,432.51540559,0,T3_MTF_Trend_v1.0,0.43251540559,2023
T3-Si-M30-000021,T3_MTF_Trend_v1.0,Si,SHORT,2023-05-10 11:00:00+03:00,77.18,77.5687498635,0.388749863493,2023-05-11 10:00:00+03:00,76.3810235222,ATR_TRAILING_STOP,28,2474.91369742,2.05524568071,0.03,1.32,0.0771704451044,3.39549958459,0.798976477821,2.05524568071,3097.60520631,0,2474.91369742,0.001,388.749863493,0,T3_MTF_Trend_v1.0,0.388749863493,2023
T3-Si-M30-000022,T3_MTF_Trend_v1.0,Si,LONG,2023-05-15 13:30:00+03:00,79.4,78.8560529741,0.543947025912,2023-05-17 10:00:00+03:00,80.4353427911,ATR_TRAILING_STOP,53,2339.15610149,1.90338900993,0.32,1.46,0.588292581366,2.68408490248,1.0353427911,1.90338900993,2259.30592418,0,2339.15610149,0.001,543.947025912,0,T3_MTF_Trend_v1.0,0.543947025912,2023
T3-Si-M30-000023,T3_MTF_Trend_v1.0,Si,LONG,2023-05-30 09:30:00+03:00,81.38,81.1252461761,0.254753823862,2023-05-30 10:30:00+03:00,81.1252461761,ATR_TRAILING_STOP,2,-1252.3342991,-1,0.254753823862,0.05,1,0.196267907747,-0.254753823862,-1,4915.86065368,0,-1252.3342991,0.001,254.753823862,0,T3_MTF_Trend_v1.0,0.254753823862,2023
T3-Si-M30-000024,T3_MTF_Trend_v1.0,Si,LONG,2023-06-13 11:00:00+03:00,83.59,83.2291271718,0.36087282824,2023-06-13 14:00:00+03:00,83.5921587444,ATR_TRAILING_STOP,6,7.41655981019,0.00598200860677,0,0.59,0,1.63492497586,0.00215874436448,0.00598200860677,3435.58965676,0,7.41655981019,0.001,360.87282824,0,T3_MTF_Trend_v1.0,0.36087282824,2023
T3-Si-M30-000025,T3_MTF_Trend_v1.0,Si,LONG,2023-06-13 18:30:00+03:00,84.26,83.8746518627,0.385348137349,2023-06-14 12:30:00+03:00,84.4563773203,ATR_TRAILING_STOP,18,631.85803704,0.50961014531,0.05,0.74,0.12975280053,1.92034144784,0.196377320269,0.50961014531,3217.57133753,0,631.85803704,0.001,385.348137349,0,T3_MTF_Trend_v1.0,0.385348137349,2023
T3-Si-M30-000026,T3_MTF_Trend_v1.0,Si,LONG,2023-06-16 09:30:00+03:00,83.76,83.3717901136,0.388209886385,2023-06-16 14:00:00+03:00,83.3973886803,ATR_TRAILING_STOP,9,-1164.02900817,-0.934059982518,0.36261131969,0.2,0.934059982518,0.515185231016,-0.36261131969,-0.934059982518,3210.12871073,0,-1164.02900817,0.001,388.209886385,0,T3_MTF_Trend_v1.0,0.388209886385,2023
T3-Si-M30-000027,T3_MTF_Trend_v1.0,Si,LONG,2023-06-16 19:00:00+03:00,84.18,83.8118809629,0.368119037098,2023-06-19 10:30:00+03:00,84.0615912334,ATR_TRAILING_STOP,13,-397.108315835,-0.32165890547,0.18,0.35,0.48897226674,0.950779407551,-0.118408766556,-0.32165890547,3353.70705554,0,-397.108315835,0.001,368.119037098,0,T3_MTF_Trend_v1.0,0.368119037098,2023
T3-Si-M30-000028,T3_MTF_Trend_v1.0,Si,LONG,2023-06-26 22:00:00+03:00,85.34,84.8905722642,0.449427735823,2023-06-26 22:30:00+03:00,84.8905722642,ATR_TRAILING_STOP,1,-1230.59232883,-1,0.449427735823,0,1,0,-0.449427735823,-1,2738.1316967,0,-1230.59232883,0.001,449.427735823,0,T3_MTF_Trend_v1.0,0.449427735823,2023
T3-Si-M30-000029,T3_MTF_Trend_v1.0,Si,LONG,2023-07-06 10:30:00+03:00,93.02,92.3122858759,0.707714124141,2023-07-06 12:30:00+03:00,92.4806838985,ATR_TRAILING_STOP,4,-928.39955049,-0.762053607644,0.539316101482,0.65,0.762053607644,0.918449947271,-0.539316101482,-0.762053607644,1721.43859221,0,-928.39955049,0.001,707.714124141,0,T3_MTF_Trend_v1.0,0.707714124141,2023
T3-Si-M30-000030,T3_MTF_Trend_v1.0,Si,LONG,2023-07-28 10:30:00+03:00,90.82,90.5182202671,0.301779732898,2023-07-28 22:30:00+03:00,91.8578450508,ATR_TRAILING_STOP,24,4157.8576388,3.43908134861,0.14,1.61,0.463914520222,5.33501698255,1.0378450508,3.43908134861,4006.24123573,0,4157.8576388,0.001,301.779732898,0,T3_MTF_Trend_v1.0,0.301779732898,2023
T3-Si-M30-000031,T3_MTF_Trend_v1.0,Si,LONG,2023-08-01 12:00:00+03:00,91.8,91.4826100694,0.317389930585,2023-08-02 09:30:00+03:00,92.19,ATR_TRAILING_STOP,25,1536.67945233,1.22877244177,0.13,0.84,0.409590813925,2.64658679767,0.39,1.22877244177,3940.20372393,0,1536.67945233,0.001,317.389930585,0,T3_MTF_Trend_v1.0,0.317389930585,2023
T3-Si-M30-000032,T3_MTF_Trend_v1.0,Si,LONG,2023-08-02 12:30:00+03:00,92.78,92.4201951859,0.359804814141,2023-08-02 15:00:00+03:00,92.8037218348,ATR_TRAILING_STOP,5,83.4635972294,0.0659297314511,0.15,0.67,0.416892698776,1.8621207212,0.0237218347712,0.0659297314511,3518.42924607,0,83.4635972294,0.001,359.804814141,0,T3_MTF_Trend_v1.0,0.359804814141,2023
T3-Si-M30-000033,T3_MTF_Trend_v1.0,Si,LONG,2023-08-02 16:30:00+03:00,93.51,92.9887905147,0.521209485279,2023-08-03 09:30:00+03:00,93.6872521791,ATR_TRAILING_STOP,16,430.805559281,0.340078575077,0.05,0.89,0.0959307177098,1.70756677523,0.177252179071,0.340078575077,2430.46692875,0,430.805559281,0.001,521.209485279,0,T3_MTF_Trend_v1.0,0.521209485279,2023
T3-Si-M30-000034,T3_MTF_Trend_v1.0,Si,LONG,2023-08-03 15:30:00+03:00,94.43,93.8596815649,0.570318435119,2023-08-03 16:00:00+03:00,93.8596815649,ATR_TRAILING_STOP,1,-1271.09047252,-1,0.570318435119,0,1,0,-0.570318435119,-1,2228.73818247,0,-1271.09047252,0.001,570.318435119,0,T3_MTF_Trend_v1.0,0.570318435119,2023
T3-Si-M30-000035,T3_MTF_Trend_v1.0,Si,LONG,2023-08-04 12:00:00+03:00,94.67,94.1566461735,0.513353826481,2023-08-07 09:30:00+03:00,95.457301706,ATR_TRAILING_STOP,25,1929.90551438,1.53364339646,0.02,1.43,0.0389594836316,2.78560307966,0.787301706029,1.53364339646,2451.29090869,0,1929.90551438,0.001,513.353826481,0,T3_MTF_Trend_v1.0,0.513353826481,2023
T3-Si-M30-000036,T3_MTF_Trend_v1.0,Si,LONG,2023-08-07 11:00:00+03:00,96.49,95.8566622245,0.633337775477,2023-08-07 15:30:00+03:00,95.9451747906,ATR_TRAILING_STOP,9,-1099.11574865,-0.860244296895,0.544825209362,0.36,0.860244296895,0.568417065805,-0.544825209362,-0.860244296895,2017.3731497,0,-1099.11574865,0.001,633.337775477,0,T3_MTF_Trend_v1.0,0.633337775477,2023
T3-Si-M30-000037,T3_MTF_Trend_v1.0,Si,LONG,2023-08-08 14:30:00+03:00,96.21,95.6471838057,0.562816194323,2023-08-09 09:30:00+03:00,96.8350610363,ATR_TRAILING_STOP,20,1406.77718208,1.11059532872,0.17,1.25,0.30205243153,2.22097376125,0.625061036344,1.11059532872,2250.62369958,0,1406.77718208,0.001,562.816194323,0,T3_MTF_Trend_v1.0,0.562816194323,2023
T3-Si-M30-000038,T3_MTF_Trend_v1.0,Si,LONG,2023-08-14 11:30:00+03:00,100.9,100.299029908,0.600970092137,2023-08-14 17:30:00+03:00,100.57629012,ATR_TRAILING_STOP,12,-689.873138455,-0.538645572846,0.57,0.72,0.948466500177,1.19806294759,-0.323709879542,-0.538645572846,2131.14638154,0,-689.873138455,0.001,600.970092137,0,T3_MTF_Trend_v1.0,0.600970092137,2023
T3-Si-M30-000039,T3_MTF_Trend_v1.0,Si,SHORT,2023-08-16 16:30:00+03:00,95,96.0435734804,1.04357348037,2023-08-17 09:30:00+03:00,95.1183134615,ATR_TRAILING_STOP,16,-144.421428415,-0.113373388406,0.27,0.87,0.258726390693,0.833673925567,-0.11831346152,-0.113373388406,1220.66776307,0,-144.421428415,0.001,1043.57348037,0,T3_MTF_Trend_v1.0,1.04357348037,2023
T3-Si-M30-000040,T3_MTF_Trend_v1.0,Si,SHORT,2023-08-17 12:30:00+03:00,93.39,94.3190182541,0.929018254066,2023-08-17 17:30:00+03:00,93.8290270459,ATR_TRAILING_STOP,10,-601.305095047,-0.472570957555,0.43902704591,1.02,0.472570957555,1.09793321664,-0.43902704591,-0.472570957555,1369.63109824,0,-601.305095047,0.001,929.018254066,0,T3_MTF_Trend_v1.0,0.929018254066,2023
T3-Si-M30-000041,T3_MTF_Trend_v1.0,Si,LONG,2023-09-06 18:30:00+03:00,98.32,97.9583447604,0.361655239574,2023-09-07 14:30:00+03:00,98.1060953895,ATR_TRAILING_STOP,22,-749.024503695,-0.591460006964,0.27,0.26,0.746567367081,0.718916723856,-0.213904610517,-0.591460006964,3501.67535839,0,-749.024503695,0.001,361.655239574,0,T3_MTF_Trend_v1.0,0.361655239574,2023
T3-Si-M30-000042,T3_MTF_Trend_v1.0,Si,SHORT,2023-09-11 17:00:00+03:00,95.66,96.1751842664,0.515184266437,2023-09-12 10:30:00+03:00,94.5312408782,ATR_TRAILING_STOP,17,2758.24613609,2.19098135425,0,1.95,0,3.78505347899,1.12875912177,2.19098135425,2443.60916594,0,2758.24613609,0.001,515.184266437,0,T3_MTF_Trend_v1.0,0.515184266437,2023
T3-Si-M30-000043,T3_MTF_Trend_v1.0,Si,SHORT,2023-09-14 15:30:00+03:00,95.69,96.2103419992,0.520341999189,2023-09-14 16:30:00+03:00,96.2103419992,ATR_TRAILING_STOP,2,-1286.49145698,-1,0.520341999189,0,1,0,-0.520341999189,-1,2472.39596069,0,-1286.49145698,0.001,520.341999189,0,T3_MTF_Trend_v1.0,0.520341999189,2023
T3-Si-M30-000044,T3_MTF_Trend_v1.0,Si,LONG,2023-09-14 18:30:00+03:00,96.76,96.1169502125,0.643049787499,2023-09-15 10:30:00+03:00,96.5313521831,ATR_TRAILING_STOP,14,-452.860624656,-0.355567829013,0.23,0.43,0.35767059483,0.668688503378,-0.228647816888,-0.355567829013,1980.60331745,0,-452.860624656,0.001,643.049787499,0,T3_MTF_Trend_v1.0,0.643049787499,2023
T3-Si-M30-000045,T3_MTF_Trend_v1.0,Si,LONG,2023-09-29 18:30:00+03:00,98.06,97.6838400216,0.376159978407,2023-10-02 10:30:00+03:00,98.1225497852,ATR_TRAILING_STOP,14,211.032028421,0.166285061545,0.15,0.52,0.398766505239,1.38239055149,0.0625497851602,0.166285061545,3373.82499205,0,211.032028421,0.001,376.159978407,0,T3_MTF_Trend_v1.0,0.376159978407,2023
T3-Si-M30-000046,T3_MTF_Trend_v1.0,Si,LONG,2023-10-02 12:30:00+03:00,98.65,98.2367895041,0.413210495898,2023-10-03 09:30:00+03:00,99.1938465631,ATR_TRAILING_STOP,24,1673.09942052,1.31614895674,0.21,1.05,0.508215551359,2.5410777568,0.543846563092,1.31614895674,3076.41811876,0,1673.09942052,0.001,413.210495898,0,T3_MTF_Trend_v1.0,0.413210495898,2023
T3-Si-M30-000047,T3_MTF_Trend_v1.0,Si,LONG,2023-10-09 10:30:00+03:00,100.87,100.399534219,0.470465780547,2023-10-09 16:30:00+03:00,101.360786068,ATR_TRAILING_STOP,12,1343.56773043,1.04319185067,0.25,1.39,0.531388275911,2.95451881406,0.490786068285,1.04319185067,2737.58327152,0,1343.56773043,0.001,470.465780547,0,T3_MTF_Trend_v1.0,0.470465780547,2023
T3-Si-M30-000048,T3_MTF_Trend_v1.0,Si,SHORT,2023-10-20 14:30:00+03:00,95.59,95.9916853697,0.401685369706,2023-10-23 10:00:00+03:00,95.6805773268,ATR_TRAILING_STOP,21,-293.451220996,-0.225493218513,0.28,0.33,0.697062977934,0.821538509708,-0.0905773268446,-0.225493218513,3239.78672389,0,-293.451220996,0.001,401.685369706,0,T3_MTF_Trend_v1.0,0.401685369706,2023
T3-Si-M30-000049,T3_MTF_Trend_v1.0,Si,SHORT,2023-10-23 10:30:00+03:00,95.24,95.6194134974,0.379413497404,2023-10-25 10:30:00+03:00,93.4744448259,ATR_TRAILING_STOP,60,6042.13663979,4.65337998304,0.17,2.23,0.448059969303,5.87749253851,1.76555517412,4.65337998304,3422.23042835,0,6042.13663979,0.001,379.413497404,0,T3_MTF_Trend_v1.0,0.379413497404,2023
T3-Si-M30-000050,T3_MTF_Trend_v1.0,Si,SHORT,2023-10-27 12:30:00+03:00,93.48,93.862408774,0.382408773981,2023-10-27 16:00:00+03:00,93.2947861222,ATR_TRAILING_STOP,7,658.144052157,0.484334801969,0.00999999999999,0.88,0.0261500276154,2.30120243016,0.185213877818,0.484334801969,3553.42731286,0,658.144052157,0.001,382.408773981,0,T3_MTF_Trend_v1.0,0.382408773981,2023
T3-Si-M30-000051,T3_MTF_Trend_v1.0,Si,SHORT,2023-10-30 12:30:00+03:00,93.28,93.7343508742,0.454350874163,2023-10-31 15:00:00+03:00,92.319119494,ATR_TRAILING_STOP,35,2887.69726055,2.11484242817,0.1,1.56,0.220094217238,3.43346978891,0.960880505956,2.11484242817,3005.26157274,0,2887.69726055,0.001,454.350874163,0,T3_MTF_Trend_v1.0,0.454350874163,2023
T3-Si-M30-000052,T3_MTF_Trend_v1.0,Si,SHORT,2023-11-01 13:30:00+03:00,92.98,93.4754849012,0.495484901229,2023-11-01 15:00:00+03:00,93.4754849012,ATR_TRAILING_STOP,3,-1394.32019527,-1,0.495484901229,0.16,1,0.322915995226,-0.495484901229,-1,2814.05183449,0,-1394.32019527,0.001,495.484901229,0,T3_MTF_Trend_v1.0,0.495484901229,2023
T3-Si-M30-000053,T3_MTF_Trend_v1.0,Si,SHORT,2023-11-01 17:30:00+03:00,92.59,93.1756746988,0.585674698772,2023-11-02 09:30:00+03:00,93.0983009581,ATR_TRAILING_STOP,14,-1198.01478478,-0.867889562477,0.508300958071,0.03,0.867889562477,0.0512229742259,-0.508300958071,-0.867889562477,2356.90050502,0,-1198.01478478,0.001,585.674698772,0,T3_MTF_Trend_v1.0,0.585674698772,2023
T3-Si-M30-000054,T3_MTF_Trend_v1.0,Si,SHORT,2023-11-14 14:30:00+03:00,91.15,91.4165621517,0.266562151731,2023-11-15 17:00:00+03:00,89.6833408913,ATR_TRAILING_STOP,35,7529.09475194,5.50212811209,0.02,2.14,0.075029406351,8.02814647956,1.46665910866,5.50212811209,5133.5001484,0,7529.09475194,0.001,266.562151731,0,T3_MTF_Trend_v1.0,0.266562151731,2023
T3-Si-M30-000055,T3_MTF_Trend_v1.0,Si,SHORT,2023-11-16 11:30:00+03:00,88.94,89.3359492919,0.395949291882,2023-11-16 16:00:00+03:00,89.2952020766,ATR_TRAILING_STOP,9,-1295.11761354,-0.897089813903,0.36,0.2,0.909207333819,0.505115185455,-0.35520207657,-0.897089813903,3646.14313647,0,-1295.11761354,0.001,395.949291882,0,T3_MTF_Trend_v1.0,0.395949291882,2023
T3-Si-M30-000056,T3_MTF_Trend_v1.0,Si,SHORT,2023-11-20 10:30:00+03:00,89.24,89.6808068848,0.440806884791,2023-11-22 09:30:00+03:00,88.1189999775,ATR_TRAILING_STOP,58,3638.45446852,2.54306377964,0,1.49,0,3.38016499154,1.12100002253,2.54306377964,3245.7220298,0,3638.45446852,0.001,440.806884791,0,T3_MTF_Trend_v1.0,0.440806884791,2023
T3-Si-M30-000057,T3_MTF_Trend_v1.0,Si,SHORT,2023-11-27 11:30:00+03:00,88.65,88.9686831467,0.318683146657,2023-11-27 18:30:00+03:00,88.8418372576,ATR_TRAILING_STOP,14,-883.160917674,-0.601968631377,0.29,0.27,0.909994780214,0.84723651951,-0.191837257636,-0.601968631377,4603.69861704,0,-883.160917674,0.001,318.683146657,0,T3_MTF_Trend_v1.0,0.318683146657,2023
T3-Si-M30-000058,T3_MTF_Trend_v1.0,Si,LONG,2023-12-01 13:00:00+03:00,90.18,89.8232008151,0.35679918487,2023-12-06 14:00:00+03:00,92.8759069961,ATR_TRAILING_STOP,92,11018.5593839,7.55581041229,0.18,3.26,0.504485457459,9.13679217397,2.69590699614,7.55581041229,4087.14373294,0,11018.5593839,0.001,356.79918487,0,T3_MTF_Trend_v1.0,0.35679918487,2023
T3-Si-M30-000059,T3_MTF_Trend_v1.0,Si,LONG,2023-12-08 20:00:00+03:00,92.2,91.6462939222,0.553706077804,2023-12-11 10:00:00+03:00,91.6890829665,ATR_TRAILING_STOP,10,-1447.26724342,-0.922722458771,0.510917033548,0.12,0.922722458771,0.216721478796,-0.510917033548,-0.922722458771,2832.68544282,0,-1447.26724342,0.001,553.706077804,0,T3_MTF_Trend_v1.0,0.553706077804,2023
T3-Si-M30-000060,T3_MTF_Trend_v1.0,Si,SHORT,2023-12-15 10:30:00+03:00,89.75,90.161891036,0.411891035994,2023-12-15 15:30:00+03:00,90.1217058421,ATR_TRAILING_STOP,10,-1402.38982552,-0.902437318599,0.371705842078,0.2,0.902437318599,0.48556531345,-0.371705842078,-0.902437318599,3772.84849138,0,-1402.38982552,0.001,411.891035994,0,T3_MTF_Trend_v1.0,0.411891035994,2023
T3-Si-M30-000061,T3_MTF_Trend_v1.0,Si,LONG,2023-12-21 12:30:00+03:00,92.32,91.848336696,0.471663304028,2023-12-21 15:00:00+03:00,91.9793538389,ATR_TRAILING_STOP,5,-1112.20819048,-0.722223158274,0.36,0.45,0.763256324851,0.954070406064,-0.340646161078,-0.722223158274,3264.99552192,0,-1112.20819048,0.001,471.663304028,0,T3_MTF_Trend_v1.0,0.471663304028,2023
T3-Si-M30-000062,T3_MTF_Trend_v1.0,Si,LONG,2023-12-22 10:30:00+03:00,92.43,92.076530911,0.353469089022,2023-12-22 11:30:00+03:00,92.076530911,ATR_TRAILING_STOP,2,-1528.8564936,-1,0.353469089022,0,1,0,-0.353469089022,-1,4325.2905023,0,-1528.8564936,0.001,353.469089022,0,T3_MTF_Trend_v1.0,0.353469089022,2023
T3-Si-M30-000063,T3_MTF_Trend_v1.0,Si,SHORT,2023-12-28 14:30:00+03:00,90.17,90.5072244582,0.33722445815,2023-12-28 18:00:00+03:00,90.1661217103,ATR_TRAILING_STOP,7,17.4069665728,0.0115006180054,0.05,0.56,0.148269198131,1.66061501906,0.00387828967526,0.0115006180054,4488.310062,0,17.4069665728,0.001,337.22445815,0,T3_MTF_Trend_v1.0,0.33722445815,2023
T3-Si-M30-000064,T3_MTF_Trend_v1.0,Si,SHORT,2023-12-29 11:30:00+03:00,89.26,89.7076390367,0.447639036701,2023-12-29 12:30:00+03:00,89.7076390367,ATR_TRAILING_STOP,2,-1513.74199833,-1,0.447639036701,0.11,1,0.245733707254,-0.447639036701,-1,3381.61302797,0,-1513.74199833,0.001,447.639036701,0,T3_MTF_Trend_v1.0,0.447639036701,2023
T3-Si-M30-000065,T3_MTF_Trend_v1.0,Si,LONG,2024-01-03 16:00:00+03:00,91.92,91.5516970792,0.368302920765,2024-01-04 10:00:00+03:00,91.8985354017,ATR_TRAILING_STOP,18,-87.3382846852,-0.0582797396638,0.31,0.36,0.841698456683,0.977456272277,-0.0214645983396,-0.0582797396638,4068.94567992,0,-87.3382846852,0.001,368.302920765,0,T3_MTF_Trend_v1.0,0.368302920765,2024
T3-Si-M30-000066,T3_MTF_Trend_v1.0,Si,SHORT,2024-01-10 15:30:00+03:00,89.31,89.7145233004,0.404523300422,2024-01-10 16:30:00+03:00,89.7145233004,ATR_TRAILING_STOP,2,-1497.7311955,-1,0.404523300422,0.01,1,0.0247204548899,-0.404523300422,-1,3702.45964557,0,-1497.7311955,0.001,404.523300422,0,T3_MTF_Trend_v1.0,0.404523300422,2024
T3-Si-M30-000067,T3_MTF_Trend_v1.0,Si,SHORT,2024-01-11 10:30:00+03:00,88.9,89.256529777,0.356529776984,2024-01-12 16:00:00+03:00,88.5302737853,ATR_TRAILING_STOP,41,1537.63588928,1.03701356398,0.18,0.82,0.504866666461,2.29994814721,0.369726214694,1.03701356398,4158.85005761,0,1537.63588928,0.001,356.529776984,0,T3_MTF_Trend_v1.0,0.356529776984,2024
T3-Si-M30-000068,T3_MTF_Trend_v1.0,Si,LONG,2024-01-26 12:30:00+03:00,89.84,89.5095362301,0.330463769925,2024-01-29 10:30:00+03:00,89.9172331604,ATR_TRAILING_STOP,26,350.1301622,0.233711430609,0.25,0.41,0.756512582474,1.24068063526,0.0772331604338,0.233711430609,4533.41751437,0,350.1301622,0.001,330.463769925,0,T3_MTF_Trend_v1.0,0.330463769925,2024
T3-Si-M30-000069,T3_MTF_Trend_v1.0,Si,LONG,2024-01-30 14:30:00+03:00,89.56,89.2545639636,0.305436036411,2024-01-31 11:30:00+03:00,89.6820265491,ATR_TRAILING_STOP,24,599.925658736,0.399515887308,0.14,0.49,0.458361107762,1.60426387717,0.122026549103,0.399515887308,4916.35355705,0,599.925658736,0.001,305.436036411,0,T3_MTF_Trend_v1.0,0.305436036411,2024
T3-Si-M30-000070,T3_MTF_Trend_v1.0,Si,LONG,2024-02-05 11:00:00+03:00,91.45,91.1269453756,0.32305462436,2024-02-05 15:30:00+03:00,91.1623370869,ATR_TRAILING_STOP,9,-1342.46481969,-0.890446665798,0.3,0.17,0.928635522844,0.526226796278,-0.287662913132,-0.890446665798,4666.79838939,0,-1342.46481969,0.001,323.05462436,0,T3_MTF_Trend_v1.0,0.32305462436,2024
T3-Si-M30-000071,T3_MTF_Trend_v1.0,Si,LONG,2024-02-06 13:00:00+03:00,90.9,90.6360339802,0.263966019835,2024-02-07 09:30:00+03:00,91.0413453364,ATR_TRAILING_STOP,23,800.099464925,0.535467922958,0.12,0.42,0.454603967871,1.59111388755,0.141345336372,0.535467922958,5660.60038102,0,800.099464925,0.001,263.966019835,0,T3_MTF_Trend_v1.0,0.263966019835,2024
T3-Si-M30-000072,T3_MTF_Trend_v1.0,Si,LONG,2024-02-12 13:30:00+03:00,91.19,90.9543768548,0.235623145169,2024-02-13 10:00:00+03:00,91.2749119438,ATR_TRAILING_STOP,23,541.3531373,0.360371829108,0.07,0.32,0.297084566755,1.3581008766,0.0849119438046,0.360371829108,6375.46513534,0,541.3531373,0.001,235.623145169,0,T3_MTF_Trend_v1.0,0.235623145169,2024
T3-Si-M30-000073,T3_MTF_Trend_v1.0,Si,LONG,2024-02-15 18:30:00+03:00,92.38,92.0639097171,0.316090282878,2024-02-16 11:00:00+03:00,92.2323866933,ATR_TRAILING_STOP,15,-704.05477716,-0.466997293956,0.15,0.16,0.47454796343,0.506184494326,-0.14761330675,-0.466997293956,4769.58881731,0,-704.05477716,0.001,316.090282878,0,T3_MTF_Trend_v1.0,0.316090282878,2024
T3-Si-M30-000074,T3_MTF_Trend_v1.0,Si,LONG,2024-02-16 14:30:00+03:00,92.8,92.454870616,0.345129383964,2024-02-16 17:00:00+03:00,92.454870616,ATR_TRAILING_STOP,5,-1500.5801307,-1,0.345129383964,0.04,1,0.115898564013,-0.345129383964,-1,4347.87705837,0,-1500.5801307,0.001,345.129383964,0,T3_MTF_Trend_v1.0,0.345129383964,2024
T3-Si-M30-000075,T3_MTF_Trend_v1.0,Si,LONG,2024-02-19 13:30:00+03:00,92.51,92.2275441531,0.28245584694,2024-02-19 16:00:00+03:00,92.2275441531,ATR_TRAILING_STOP,5,-1485.5743294,-1,0.28245584694,0.02,1,0.0708075269699,-0.28245584694,-1,5259.49221973,0,-1485.5743294,0.001,282.45584694,0,T3_MTF_Trend_v1.0,0.28245584694,2024
T3-Si-M30-000076,T3_MTF_Trend_v1.0,Si,LONG,2024-03-19 11:30:00+03:00,92.2,91.9239924233,0.276007576707,2024-03-20 16:00:00+03:00,92.6735713815,ATR_TRAILING_STOP,39,2523.44606215,1.71579123701,0.07,0.81,0.253616226175,2.93470204574,0.473571381463,1.71579123701,5328.54425104,0,2523.44606215,0.001,276.007576707,0,T3_MTF_Trend_v1.0,0.276007576707,2024
T3-Si-M30-000077,T3_MTF_Trend_v1.0,Si,LONG,2024-04-11 10:00:00+03:00,93.88,93.689703036,0.190296964045,2024-04-11 14:00:00+03:00,93.7707688985,ATR_TRAILING_STOP,8,-858.682112505,-0.574003384922,0.109231101502,0.19,0.574003384922,0.998439470402,-0.109231101502,-0.574003384922,7861.15035642,0,-858.682112505,0.001,190.296964045,0,T3_MTF_Trend_v1.0,0.190296964045,2024
T3-Si-M30-000078,T3_MTF_Trend_v1.0,Si,LONG,2024-04-12 10:00:00+03:00,93.79,93.5842897344,0.205710265586,2024-04-12 10:30:00+03:00,93.5842897344,ATR_TRAILING_STOP,1,-1487.3662256,-1,0.205710265586,0,1,0,-0.205710265586,-1,7230.39378399,0,-1487.3662256,0.001,205.710265586,0,T3_MTF_Trend_v1.0,0.205710265586,2024
T3-Si-M30-000079,T3_MTF_Trend_v1.0,Si,SHORT,2024-04-24 10:30:00+03:00,92.59,92.7895411231,0.199541123108,2024-04-25 09:30:00+03:00,92.5783499122,ATR_TRAILING_STOP,28,85.9705875432,0.0583843950614,0.15,0.26,0.751724745575,1.302989559,0.0116500877625,0.0583843950614,7379.39398361,0,85.9705875432,0.001,199.541123108,0,T3_MTF_Trend_v1.0,0.199541123108,2024
T3-Si-M30-000080,T3_MTF_Trend_v1.0,Si,SHORT,2024-04-25 10:00:00+03:00,92.28,92.5099018203,0.2299018203,2024-04-25 12:30:00+03:00,92.5099018203,ATR_TRAILING_STOP,5,-1473.35226922,-1,0.2299018203,0.08,1,0.34797462628,-0.2299018203,-1,6408.61506576,0,-1473.35226922,0.001,229.9018203,0,T3_MTF_Trend_v1.0,0.2299018203,2024
T3-Si-M30-000081,T3_MTF_Trend_v1.0,Si,SHORT,2024-04-25 15:30:00+03:00,92.13,92.4073821285,0.277382128481,2024-04-25 17:00:00+03:00,92.4073821285,ATR_TRAILING_STOP,3,-1458.61874653,-1,0.277382128481,0.04,1,0.14420539715,-0.277382128481,-1,5258.51739084,0,-1458.61874653,0.001,277.382128481,0,T3_MTF_Trend_v1.0,0.277382128481,2024
T3-Si-M30-000082,T3_MTF_Trend_v1.0,Si,SHORT,2024-04-25 19:00:00+03:00,92.05,92.3206533347,0.270653334743,2024-04-26 09:30:00+03:00,92.316258073,ATR_TRAILING_STOP,11,-1420.58226188,-0.983760548171,0.266258072951,0,0.983760548171,0,-0.266258072951,-0.983760548171,5335.35845932,0,-1420.58226188,0.001,270.653334743,0,T3_MTF_Trend_v1.0,0.270653334743,2024
T3-Si-M30-000083,T3_MTF_Trend_v1.0,Si,SHORT,2024-04-26 13:30:00+03:00,91.83,92.1417518463,0.31175184633,2024-04-26 23:00:00+03:00,91.71,ATR_TRAILING_STOP,19,550.371105715,0.384921537475,0.22,0.53,0.705689485372,1.70007012385,0.12,0.384921537475,4586.42588096,0,550.371105715,0.001,311.75184633,0,T3_MTF_Trend_v1.0,0.31175184633,2024
T3-Si-M30-000084,T3_MTF_Trend_v1.0,Si,SHORT,2024-05-02 13:00:00+03:00,91.98,92.2690851945,0.28908519447,2024-05-02 16:30:00+03:00,92.2690851945,ATR_TRAILING_STOP,7,-1435.3304475,-1,0.28908519447,0.1,1,0.345918787655,-0.28908519447,-1,4965.07768283,0,-1435.3304475,0.001,289.08519447,0,T3_MTF_Trend_v1.0,0.28908519447,2024
T3-Si-M30-000085,T3_MTF_Trend_v1.0,Si,SHORT,2024-05-03 11:00:00+03:00,91.93,92.1884232212,0.258423221223,2024-05-04 00:00:00+03:00,91.8375653561,ATR_TRAILING_STOP,26,508.265145749,0.357687066428,0.05,0.34,0.193481064757,1.31567124034,0.0924346438959,0.357687066428,5498.64341255,0,508.265145749,0.001,258.423221223,0,T3_MTF_Trend_v1.0,0.258423221223,2024
T3-Si-M30-000086,T3_MTF_Trend_v1.0,Si,SHORT,2024-05-13 13:00:00+03:00,91.5,91.7322133704,0.232213370398,2024-05-13 15:00:00+03:00,91.7322133704,ATR_TRAILING_STOP,4,-1426.05979448,-1,0.232213370398,0.12,1,0.516766109523,-0.232213370398,-1,6141.16143285,0,-1426.05979448,0.001,232.213370398,0,T3_MTF_Trend_v1.0,0.232213370398,2024
T3-Si-M30-000087,T3_MTF_Trend_v1.0,Si,SHORT,2024-05-13 19:00:00+03:00,91.36,91.6197693676,0.259769367573,2024-05-14 10:30:00+03:00,91.5376394623,ATR_TRAILING_STOP,13,-965.438121201,-0.683835295818,0.177639462319,0.09,0.683835295818,0.346461173775,-0.177639462319,-0.683835295818,5434.81785296,0,-965.438121201,0.001,259.769367573,0,T3_MTF_Trend_v1.0,0.259769367573,2024
T3-Si-M30-000088,T3_MTF_Trend_v1.0,Si,SHORT,2024-05-22 09:30:00+03:00,89.92,90.1331684278,0.213168427778,2024-05-22 10:30:00+03:00,90.1331684278,ATR_TRAILING_STOP,2,-1402.14481533,-1,0.213168427778,0.02,1,0.0938225243224,-0.213168427778,-1,6577.63830197,0,-1402.14481533,0.001,213.168427778,0,T3_MTF_Trend_v1.0,0.213168427778,2024
T3-Si-M30-000089,T3_MTF_Trend_v1.0,Si,SHORT,2024-05-27 11:00:00+03:00,88.87,89.1568972949,0.286897294894,2024-05-27 15:00:00+03:00,88.9238926607,ATR_TRAILING_STOP,8,-260.754154992,-0.187846528023,0.0538926607451,0.47,0.187846528023,1.63821691025,-0.0538926607451,-0.187846528023,4838.39824173,0,-260.754154992,0.001,286.897294894,0,T3_MTF_Trend_v1.0,0.286897294894,2024
T3-Si-M30-000090,T3_MTF_Trend_v1.0,Si,SHORT,2024-06-03 12:30:00+03:00,89.24,89.6280367583,0.388036758284,2024-06-04 09:30:00+03:00,89.31,ATR_TRAILING_STOP,24,-249.940516518,-0.180395280874,0.18,0.35,0.46387357939,0.901976404369,-0.07,-0.180395280874,3570.57880741,0,-249.940516518,0.001,388.036758284,0,T3_MTF_Trend_v1.0,0.388036758284,2024
T3-Si-M30-000091,T3_MTF_Trend_v1.0,Si,SHORT,2024-06-04 11:30:00+03:00,88.79,89.1977636655,0.407763665546,2024-06-05 09:30:00+03:00,88.94,ATR_TRAILING_STOP,26,-508.756617123,-0.36786014222,0.34,0.22,0.833816322366,0.53952820859,-0.15,-0.36786014222,3391.71078082,0,-508.756617123,0.001,407.763665546,0,T3_MTF_Trend_v1.0,0.407763665546,2024
T3-Si-M30-000092,T3_MTF_Trend_v1.0,Si,SHORT,2024-06-10 13:00:00+03:00,89.06,89.3453441058,0.285344105826,2024-06-11 09:30:00+03:00,88.7611820861,ATR_TRAILING_STOP,23,1442.99397567,1.04721950714,0.09,0.63,0.315408652789,2.20786056952,0.29881791387,1.04721950714,4829.00759522,0,1442.99397567,0.001,285.344105826,0,T3_MTF_Trend_v1.0,0.285344105826,2024
T3-Si-M30-000093,T3_MTF_Trend_v1.0,Si,SHORT,2024-06-18 18:30:00+03:00,86.3,87.0079583243,0.707958324309,2024-06-20 10:30:00+03:00,81.7581363325,ATR_TRAILING_STOP,40,8932.59334851,6.41543931545,0.1,5.73,0.141251252463,8.09369676611,4.54186366747,6.41543931545,1966.72423536,0,8932.59334851,0.001,707.958324309,0,T3_MTF_Trend_v1.0,0.707958324309,2024
T3-Si-M30-000094,T3_MTF_Trend_v1.0,Si,SHORT,2024-07-24 10:30:00+03:00,87.13,87.4280790619,0.298079061927,2024-07-25 16:00:00+03:00,86.2989024546,ATR_TRAILING_STOP,39,4131.20107182,2.78817821029,0.08,1.37,0.268385170978,4.59609605299,0.831097545408,2.78817821029,4970.77761166,0,4131.20107182,0.001,298.079061927,0,T3_MTF_Trend_v1.0,0.298079061927,2024
T3-Si-M30-000095,T3_MTF_Trend_v1.0,Si,SHORT,2024-07-29 17:00:00+03:00,86.47,86.8717716113,0.401771611294,2024-07-30 10:30:00+03:00,86.676022664,ATR_TRAILING_STOP,15,-780.970672153,-0.512785518538,0.206022664031,0.15,0.512785518538,0.373346438084,-0.206022664031,-0.512785518538,3790.70271625,0,-780.970672153,0.001,401.771611294,0,T3_MTF_Trend_v1.0,0.401771611294,2024
T3-Si-M30-000096,T3_MTF_Trend_v1.0,Si,SHORT,2024-08-05 14:00:00+03:00,84.82,85.2377789191,0.417778919065,2024-08-05 16:00:00+03:00,85.2377789191,ATR_TRAILING_STOP,4,-1515.18703152,-1,0.417778919065,0.09,1,0.215424943416,-0.417778919065,-1,3626.76756146,0,-1515.18703152,0.001,417.778919065,0,T3_MTF_Trend_v1.0,0.417778919065,2024
T3-Si-M30-000097,T3_MTF_Trend_v1.0,Si,LONG,2024-08-12 12:00:00+03:00,87.59,87.2417247918,0.348275208174,2024-08-12 22:00:00+03:00,88.8720875452,ATR_TRAILING_STOP,20,5522.00200425,3.68124837807,0.05,1.91,0.143564625981,5.48416871248,1.28208754521,3.68124837807,4307.03973755,0,5522.00200425,0.001,348.275208174,0,T3_MTF_Trend_v1.0,0.348275208174,2024
T3-Si-M30-000098,T3_MTF_Trend_v1.0,Si,LONG,2024-08-13 10:30:00+03:00,89.88,89.1338437527,0.746156247253,2024-08-13 16:30:00+03:00,89.1338437527,ATR_TRAILING_STOP,12,-1555.25518125,-1,0.746156247253,0.21,1,0.281442393296,-0.746156247253,-1,2084.35590666,0,-1555.25518125,0.001,746.156247253,0,T3_MTF_Trend_v1.0,0.746156247253,2024
T3-Si-M30-000099,T3_MTF_Trend_v1.0,Si,SHORT,2024-09-03 11:00:00+03:00,88.85,89.1788173682,0.32881736819,2024-09-04 10:30:00+03:00,88.1237764972,ATR_TRAILING_STOP,27,3400.57534969,2.20859228572,0.18,1.18,0.547416339321,3.58861822444,0.726223502797,2.20859228572,4682.54653917,0,3400.57534969,0.001,328.81736819,0,T3_MTF_Trend_v1.0,0.32881736819,2024
T3-Si-M30-000100,T3_MTF_Trend_v1.0,Si,LONG,2024-09-06 18:30:00+03:00,89.84,89.4562966253,0.383703374748,2024-09-10 17:00:00+03:00,90.4983205835,ATR_TRAILING_STOP,53,2700.01435776,1.71570183335,0.12,1.05,0.31274158086,2.73648883252,0.658320583518,1.71570183335,4101.36706243,0,2700.01435776,0.001,383.703374748,0,T3_MTF_Trend_v1.0,0.383703374748,2024
T3-Si-M30-000101,T3_MTF_Trend_v1.0,Si,LONG,2024-09-18 11:00:00+03:00,91.66,91.3295004581,0.330499541907,2024-09-18 13:00:00+03:00,91.3295004581,ATR_TRAILING_STOP,4,-1600.70852651,-1,0.330499541907,0.03,1,0.0907716840601,-0.330499541907,-1,4843.30028804,0,-1600.70852651,0.001,330.499541907,0,T3_MTF_Trend_v1.0,0.330499541907,2024
T3-Si-M30-000102,T3_MTF_Trend_v1.0,Si,LONG,2024-09-18 18:00:00+03:00,91.92,91.5556394469,0.364360553144,2024-09-19 17:00:00+03:00,92.4243014402,ATR_TRAILING_STOP,26,2193.34176622,1.38407255091,0.18,0.98,0.494016156378,2.68964351806,0.50430144024,1.38407255091,4349.26730562,0,2193.34176622,0.001,364.360553144,0,T3_MTF_Trend_v1.0,0.364360553144,2024
T3-Si-M30-000103,T3_MTF_Trend_v1.0,Si,LONG,2024-09-25 16:00:00+03:00,92.38,91.9967270793,0.383272920666,2024-09-26 10:30:00+03:00,92.1084699638,ATR_TRAILING_STOP,17,-1138.22187238,-0.708450875485,0.28,0.12,0.730549916007,0.313092821146,-0.271530036195,-0.708450875485,4191.8820044,0,-1138.22187238,0.001,383.272920666,0,T3_MTF_Trend_v1.0,0.383272920666,2024
T3-Si-M30-000104,T3_MTF_Trend_v1.0,Si,LONG,2024-09-26 17:00:00+03:00,92.67,92.33423072,0.335769279993,2024-09-30 12:30:00+03:00,92.9720069577,ATR_TRAILING_STOP,47,1434.8465607,0.899447852052,0.32,0.63,0.953035370021,1.87628838473,0.302006957675,0.899447852052,4751.03809443,0,1434.8465607,0.001,335.769279993,0,T3_MTF_Trend_v1.0,0.335769279993,2024
T3-Si-M30-000105,T3_MTF_Trend_v1.0,Si,LONG,2024-10-01 15:30:00+03:00,93.62,93.3469477867,0.273052213346,2024-10-03 11:00:00+03:00,94.9094205467,ATR_TRAILING_STOP,47,7600.93724332,4.72224901931,0.18,1.71,0.659214579491,6.26253850516,1.28942054669,4.72224901931,5894.84731169,0,7600.93724332,0.001,273.052213346,0,T3_MTF_Trend_v1.0,0.273052213346,2024
T3-Si-M30-000106,T3_MTF_Trend_v1.0,Si,LONG,2024-10-03 12:30:00+03:00,95.34,94.9288522184,0.411147781581,2024-10-03 15:30:00+03:00,94.9288522184,ATR_TRAILING_STOP,6,-1685.61047823,-1,0.411147781581,0.09,1,0.218899393434,-0.411147781581,-1,4099.76790278,0,-1685.61047823,0.001,411.147781581,0,T3_MTF_Trend_v1.0,0.411147781581,2024
T3-Si-M30-000107,T3_MTF_Trend_v1.0,Si,LONG,2024-10-04 15:30:00+03:00,95.24,94.8906044654,0.349395534625,2024-10-04 23:00:00+03:00,95.241413868,ATR_TRAILING_STOP,15,6.75280048113,0.00404661140584,0.08,0.38,0.228966864405,1.08759260592,0.00141386795556,0.00404661140584,4776.11820437,0,6.75280048113,0.001,349.395534625,0,T3_MTF_Trend_v1.0,0.349395534625,2024
T3-Si-M30-000108,T3_MTF_Trend_v1.0,Si,LONG,2024-10-15 10:30:00+03:00,95.9,95.6157758914,0.284224108623,2024-10-16 10:30:00+03:00,96.6926903413,ATR_TRAILING_STOP,28,4654.28147178,2.78896236185,0.02,1.09,0.0703670075594,3.83500191199,0.79269034128,2.78896236185,5871.50016773,0,4654.28147178,0.001,284.224108623,0,T3_MTF_Trend_v1.0,0.284224108623,2024
T3-Si-M30-000109,T3_MTF_Trend_v1.0,Si,LONG,2024-11-06 12:30:00+03:00,98.26,97.909191632,0.350808368013,2024-11-07 10:30:00+03:00,98.12,ATR_TRAILING_STOP,24,-684.564799934,-0.399078279669,0.2,0.19,0.570111828099,0.541606236694,-0.14,-0.399078279669,4889.74857095,0,-684.564799934,0.001,350.808368013,0,T3_MTF_Trend_v1.0,0.350808368013,2024
T3-Si-M30-000110,T3_MTF_Trend_v1.0,Si,LONG,2024-11-14 13:30:00+03:00,99.32,99.047653826,0.272346173997,2024-11-14 18:00:00+03:00,99.1954046742,ATR_TRAILING_STOP,9,-781.628347559,-0.457488805435,0.124595325807,0.3,0.457488805435,1.1015392491,-0.124595325807,-0.457488805435,6273.33603808,0,-781.628347559,0.001,272.346173997,0,T3_MTF_Trend_v1.0,0.272346173997,2024
T3-Si-M30-000111,T3_MTF_Trend_v1.0,Si,LONG,2024-11-15 10:30:00+03:00,99.9,99.6246195068,0.275380493231,2024-11-15 12:30:00+03:00,99.6521485987,ATR_TRAILING_STOP,4,-1530.68782546,-0.90003252728,0.247851401287,0.2,0.90003252728,0.726267854535,-0.247851401287,-0.90003252728,6175.8288132,0,-1530.68782546,0.001,275.380493231,0,T3_MTF_Trend_v1.0,0.275380493231,2024
T3-Si-M30-000112,T3_MTF_Trend_v1.0,Si,LONG,2024-11-18 10:30:00+03:00,100.08,99.7251415027,0.35485849732,2024-11-18 17:00:00+03:00,99.7969828744,ATR_TRAILING_STOP,13,-1344.18622771,-0.797549242037,0.31,0.17,0.87358764787,0.479064193993,-0.283017125568,-0.797549242037,4749.48724398,0,-1344.18622771,0.001,354.85849732,0,T3_MTF_Trend_v1.0,0.35485849732,2024
T3-Si-M30-000113,T3_MTF_Trend_v1.0,Si,LONG,2024-11-21 19:30:00+03:00,101.28,100.954093627,0.325906373117,2024-11-22 10:30:00+03:00,101.081507163,ATR_TRAILING_STOP,10,-1018.30135529,-0.609048651094,0.19849283693,0.29,0.609048651094,0.88982610934,-0.19849283693,-0.609048651094,5130.1667659,0,-1018.30135529,0.001,325.906373117,0,T3_MTF_Trend_v1.0,0.325906373117,2024
T3-Si-M30-000114,T3_MTF_Trend_v1.0,Si,LONG,2024-11-22 11:30:00+03:00,101.87,101.413950738,0.456049262083,2024-11-25 18:30:00+03:00,104.28983302,ATR_TRAILING_STOP,42,8817.48693664,5.30607813846,0.01,3.27,0.021927455719,7.1702780201,2.4198330196,5.30607813846,3643.84106887,0,8817.48693664,0.001,456.049262083,0,T3_MTF_Trend_v1.0,0.456049262083,2024
T3-Si-M30-000115,T3_MTF_Trend_v1.0,Si,LONG,2024-11-26 10:30:00+03:00,105.55,105.02715535,0.522844650112,2024-11-26 11:00:00+03:00,105.02715535,ATR_TRAILING_STOP,1,-1749.94589997,-1,0.522844650112,0,1,0,-0.522844650112,-1,3346.97103547,0,-1749.94589997,0.001,522.844650112,0,T3_MTF_Trend_v1.0,0.522844650112,2024
T3-Si-M30-000116,T3_MTF_Trend_v1.0,Si,LONG,2024-11-26 17:30:00+03:00,106.26,105.544273644,0.715726356116,2024-11-27 17:00:00+03:00,109.584605824,ATR_TRAILING_STOP,27,8047.3514462,4.64507949906,0.15,4.79,0.209577303837,6.69250190254,3.32460582373,4.64507949906,2420.54302761,0,8047.3514462,0.001,715.726356116,0,T3_MTF_Trend_v1.0,0.715726356116,2024
T3-Si-M30-000117,T3_MTF_Trend_v1.0,Si,SHORT,2024-12-05 17:30:00+03:00,102.32,103.177988796,0.857988795975,2024-12-09 10:30:00+03:00,100.082820149,ATR_TRAILING_STOP,42,4727.13398478,2.60746977306,0.27,3.37,0.314689423995,3.92779021802,2.23717985113,2.60746977306,2112.98791306,0,4727.13398478,0.001,857.988795975,0,T3_MTF_Trend_v1.0,0.857988795975,2024
T3-Si-M30-000118,T3_MTF_Trend_v1.0,Si,SHORT,2024-12-10 12:00:00+03:00,100.39,101.213225099,0.823225099094,2024-12-10 14:30:00+03:00,101.213225099,ATR_TRAILING_STOP,5,-1860.19129528,-1,0.823225099094,0.06,1,0.0728840751649,-0.823225099094,-1,2259.63870311,0,-1860.19129528,0.001,823.225099094,0,T3_MTF_Trend_v1.0,0.823225099094,2024
T3-Si-M30-000119,T3_MTF_Trend_v1.0,Si,LONG,2024-12-16 14:30:00+03:00,103.78,102.845684649,0.93431535076,2024-12-16 17:00:00+03:00,102.845684649,ATR_TRAILING_STOP,5,-1841.58938233,-1,0.93431535076,0.08,1,0.0856241952302,-0.93431535076,-1,1971.05761008,0,-1841.58938233,0.001,934.31535076,0,T3_MTF_Trend_v1.0,0.93431535076,2024
