generation,futures_type,lifecycle_stage,strategy,timeframe,instrument,months_observed,months_with_trades,total_trades,total_net_R,PF,expectancy_R,positive_months,negative_months,positive_month_share,mean_monthly_R,median_monthly_R,monthly_R_std,best_month_R,worst_month_R,longest_negative_month_streak,contribution_to_portfolio_total_R,contribution_to_positive_R,contribution_to_negative_R,share_of_portfolio_losses,number_of_months_in_which_instrument_was_worst,number_of_months_in_which_instrument_was_best
v2,quarterly,baseline,T2,M30,Si,60,58,269,19.7243036038,1.15269645622,0.073324548713,26,32,0.433333333333,0.328738393397,-0.301453247848,3.48892863911,14.4109347537,-5.56462501064,6,0.109884651384,0.281286053158,0.542462325366,0.200810981824,13,10
v2,quarterly,baseline,T2,M30,CNY,33,32,138,13.7825014606,1.21046971829,0.09987319899,15,17,0.454545454545,0.417651559413,-0.300960853,3.0649265456,7.60083137821,-4.00289460369,8,0.0767827041513,0.161243817556,0.289943107745,0.107332357321,3,4
v2,quarterly,baseline,T2,M30,GD,60,60,218,-9.7506196969,0.906141698135,-0.0447276132885,25,35,0.416666666667,-0.162510328282,-0.60814150169,2.32972830338,6.33498246711,-4.58040093764,7,-0.0543209771911,0.164202092263,0.497180936549,0.18404852714,14,5
v2,quarterly,baseline,T2,M30,BR,60,59,257,37.1685782615,1.30390871205,0.144624818138,28,31,0.466666666667,0.619476304359,-0.0842647531115,3.6430414734,12.1874886094,-5.02424071262,4,0.207067197238,0.322403002052,0.498148213244,0.184406597689,14,13
v2,quarterly,baseline,T2,M30,MIX,60,59,299,47.7754034575,1.33833838581,0.159783958052,30,29,0.5,0.796256724291,0.0436293111875,3.51767996299,13.1670072202,-4.78340106372,4,0.2661581194,0.336770209495,0.444366776812,0.164497559681,10,14
v2,quarterly,baseline,T2,M30,NG,59,59,257,70.7999119086,1.59319334297,0.275486038555,29,30,0.491525423729,1.19999850693,-0.129387592113,3.78662683785,13.7875434833,-4.01638659127,5,0.394428305018,0.408228375871,0.429256506471,0.158903976346,6,14
v2,quarterly,baseline,T2,H1,Si,60,51,126,52.9914120246,2.0414969124,0.4205667621,28,23,0.466666666667,0.883190200411,0,2.13773533719,7.23205717254,-2.00001276286,4,0.272634186369,0.272464778078,0.271958626629,0.0966673575914,5,17
v2,quarterly,baseline,T2,H1,CNY,33,27,54,64.1037778885,3.84079403438,1.18710699794,14,13,0.424242424242,1.94253872389,0,5.69576944144,23.1040697413,-3.41598724336,3,0.329805918734,0.310692105438,0.253584603637,0.0901363338362,6,7
v2,quarterly,baseline,T2,H1,GD,60,50,114,15.3437894759,1.27820625653,0.134594644525,17,33,0.283333333333,0.255729824598,-0.285911030255,2.21838030341,7.21701969955,-3.31347669545,6,0.0789418775561,0.19780697752,0.552947461799,0.196544491644,11,8
v2,quarterly,baseline,T2,H1,BR,60,51,129,20.9347124211,1.36745038073,0.162284592412,22,29,0.366666666667,0.348911873686,0,2.07400559486,5.75498964511,-3.1230368981,4,0.107706476762,0.217265864531,0.544603106846,0.193578500992,12,10
v2,quarterly,baseline,T2,H1,MIX,60,56,154,-7.98713375323,0.891279816417,-0.0518645048911,22,34,0.366666666667,-0.133118895887,-0.275031493007,1.70497802032,5.08000644094,-4.16312822426,9,-0.0410928040796,0.133320891178,0.654427290091,0.232615371143,13,6
v2,quarterly,baseline,T2,H1,NG,59,54,130,48.9816271309,1.8576833791,0.376781747161,28,26,0.474576271186,0.830197070015,0,2.97112059322,9.79373318024,-4.6018232258,3,0.252004344659,0.323177009316,0.535823905683,0.190457944794,13,12
v2,quarterly,baseline,T3,M30,Si,60,57,276,79.5098641048,1.65967157012,0.288079217771,29,28,0.483333333333,1.32516440175,0,3.82217259674,16.9518498405,-3.17462768856,9,0.308687487111,0.370046838632,0.613658656199,0.157815723988,10,13
v2,quarterly,baseline,T3,M30,CNY,33,30,148,46.8197505852,1.70182143168,0.316349666116,17,13,0.515151515152,1.41878032076,0.127826717336,4.03782604303,12.9322158158,-5.08742205694,5,0.181772052034,0.202782559777,0.286199477528,0.073602445423,4,5
v2,quarterly,baseline,T3,M30,GD,60,58,272,8.53662800832,1.06823817667,0.0313846617953,25,33,0.416666666667,0.142277133472,-0.175550482458,3.15747766515,15.5247749628,-4.43032078608,6,0.0331424317971,0.200337983643,0.8641457206,0.222233942519,14,10
v2,quarterly,baseline,T3,M30,BR,60,59,285,-0.920960510669,0.993404346918,-0.00323144038831,25,34,0.416666666667,-0.0153493418445,-0.452729100008,2.615547975,5.98797344014,-7.46408023867,4,-0.00357551844627,0.191063211398,0.963827159696,0.247869201339,15,6
v2,quarterly,baseline,T3,M30,MIX,60,57,285,52.1916912163,1.43271430578,0.18312874111,37,20,0.616666666667,0.869861520271,0.560624140517,2.92248626824,8.99278329028,-5.4451785229,3,0.202627965612,0.297202280729,0.672685727502,0.172995824356,9,11
v2,quarterly,baseline,T3,M30,NG,59,58,297,71.4370048902,1.57376788904,0.240528635994,38,20,0.64406779661,1.21079669305,0.835538721831,2.9225269991,10.0368129398,-4.61500495747,3,0.277345581892,0.319715369986,0.487933919099,0.125482862375,8,15
v2,quarterly,baseline,T3,H1,Si,59,51,148,44.6657150628,1.78672498293,0.301795372046,24,27,0.406779661017,0.757046018013,0,2.84921130284,13.2099966517,-2.44348469954,3,0.294724585685,0.340393246747,0.445683120498,0.165293976494,11,8
v2,quarterly,baseline,T3,H1,CNY,33,25,69,41.2335363414,2.55541331632,0.597587483208,14,11,0.424242424242,1.24950110125,0,3.63646798336,13.496739066,-4.1823214263,3,0.272077518461,0.267129569777,0.255721990047,0.0948416098069,4,8
v2,quarterly,baseline,T3,H1,GD,59,54,114,33.3534119564,1.67854989336,0.292573789091,28,26,0.474576271186,0.565312067058,0,2.2795295453,7.04333370194,-3.34215410113,7,0.2200808944,0.292975885564,0.461036525798,0.170988213718,7,13
v2,quarterly,baseline,T3,H1,BR,59,46,131,4.19112619608,1.0683065982,0.0319933297411,23,23,0.389830508475,0.0710360372217,0,2.26999622607,13.4043505433,-3.90636306949,5,0.0276549458563,0.166300313886,0.485949564743,0.180227906864,10,10
v2,quarterly,baseline,T3,H1,MIX,59,47,144,13.6404934543,1.21106249394,0.094725648988,21,26,0.35593220339,0.23119480431,0,1.95737083105,6.32169802026,-3.75026062193,6,0.0900061440011,0.220268260195,0.520589781558,0.193075194366,14,10
v2,quarterly,baseline,T3,H1,NG,59,49,135,14.4664095074,1.23155924272,0.107158588944,27,22,0.457627118644,0.245193381481,0,1.95995681272,6.22712128949,-3.70825971601,3,0.0954559115962,0.226106876702,0.527324895834,0.195573098751,13,10
v2,quarterly,walk_forward,T2,M30,Si,12,11,40,4.45719218963,1.23204730738,0.111429804741,5,6,0.416666666667,0.371432682469,-0.010205464472,3.07146899448,6.58116157236,-3.04026829637,1,0.316468159057,0.501312513511,0.662444081438,0.177380956106,2,2
v2,quarterly,walk_forward,T2,M30,CNY,12,12,37,-2.81834566699,0.843155281885,-0.0761715045131,5,7,0.416666666667,-0.234862138916,-0.986498463329,1.9733254439,4.3502492173,-2.24239185003,3,-0.200107293308,0.271288809771,0.682211791046,0.18267410511,2,2
v2,quarterly,walk_forward,T2,M30,GD,12,12,28,-0.259519606092,0.974980704574,-0.00926855736044,7,5,0.583333333333,-0.021626633841,0.109037322272,0.889546559478,1.63685577522,-1.63871191662,3,-0.0184263295109,0.127309513263,0.254349610966,0.0681065442991,1,1
v2,quarterly,walk_forward,T2,M30,BR,12,11,24,-1.79540289947,0.900412899914,-0.0748084541447,5,6,0.416666666667,-0.149616908289,-0.117730346246,2.79935708844,5.10862153932,-3.67729351793,2,-0.127476632415,0.407268018363,0.873412869124,0.233871528392,4,2
v2,quarterly,walk_forward,T2,M30,MIX,12,12,45,14.2456837403,1.95156209336,0.316570749784,9,3,0.75,1.18714031169,0.573073715392,2.24949061915,5.23967673134,-1.99135768484,2,1.01146755984,0.617006399088,0.273148749192,0.0731403414241,0,2
v2,quarterly,walk_forward,T2,M30,NG,12,12,36,0.254564890252,1.01106952676,0.00707124695145,4,8,0.333333333333,0.0212137408543,-0.482680746168,3.95466153758,6.34455468674,-8.50422827606,5,0.0180745363339,0.536819348862,0.989016903091,0.264826524669,3,3
v2,quarterly,walk_forward,T2,H1,Si,12,11,21,4.56047555992,1.42656066487,0.217165502853,4,7,0.333333333333,0.380039629993,-0.240101323072,2.32154353122,6.75168539549,-1.59255634946,3,0.136029964124,0.251774972391,0.662815977223,0.214205370457,3,1
v2,quarterly,walk_forward,T2,H1,CNY,12,8,16,15.3446243376,3.22401094823,0.959039021102,4,4,0.333333333333,1.2787186948,0,3.35694948534,8.32026592595,-1.08011186154,2,0.45769978826,0.441305148197,0.383083463943,0.123802892703,1,3
v2,quarterly,walk_forward,T2,H1,GD,12,9,15,-6.47578387663,0.210757985684,-0.431718925109,2,7,0.166666666667,-0.539648656386,-0.600253872272,0.68621153075,0.374423270578,-2.04736075318,2,-0.193159822224,0.0121854885609,0.74142076312,0.239608450439,4,0
v2,quarterly,walk_forward,T2,H1,BR,12,8,15,3.18424283208,1.69237628994,0.212282855472,5,3,0.416666666667,0.26535356934,0,1.10797937044,2.07646972485,-1.46516648596,2,0.0949796644053,0.139759847217,0.298786068867,0.0965601053209,1,0
v2,quarterly,walk_forward,T2,H1,MIX,12,12,27,11.3487152854,2.53459444779,0.42032278835,8,4,0.666666666667,0.945726273786,0.671768807123,1.6417825306,3.18172551857,-1.45891727918,1,0.3385097262,0.335064423054,0.322829244289,0.1043302519,1,4
v2,quarterly,walk_forward,T2,H1,NG,12,12,23,5.56324789852,1.47202047856,0.241880343414,5,7,0.416666666667,0.463603991543,-0.500853674848,1.88485369331,3.86786983537,-1.70495950623,4,0.165940679235,0.280068375689,0.685365880369,0.221492929181,2,4
v2,quarterly,walk_forward,T3,M30,Si,12,11,45,16.9081811008,1.91816221228,0.375737357794,6,5,0.5,1.40901509173,0.297865795428,3.09069324621,6.6666028331,-1.51564072849,2,0.573013855454,0.419025120124,0.216302604183,0.0726579298351,0,3
v2,quarterly,walk_forward,T3,M30,CNY,12,12,50,10.324117699,1.41937102553,0.20648235398,7,5,0.583333333333,0.860343141582,0.520277848804,3.35911815461,8.9317711883,-5.08742205694,2,0.349881660931,0.346435845732,0.341899511792,0.114847025685,1,3
v2,quarterly,walk_forward,T3,M30,GD,12,12,54,3.81724276805,1.14249694595,0.0706896808898,2,10,0.166666666667,0.318103564004,-0.967668513753,4.93356482895,15.5247749628,-3.25570457738,6,0.129365363589,0.334056647902,0.603527866418,0.202730270111,3,1
v2,quarterly,walk_forward,T3,M30,BR,12,12,53,-19.1520546337,0.352014739624,-0.36135952139,1,11,0.0833333333333,-1.59600455281,-1.47192591928,1.11360182042,0.800117348651,-3.79813706917,7,-0.649058145292,0.0154101582716,0.890166912217,0.299014823671,4,1
v2,quarterly,walk_forward,T3,M30,MIX,12,12,58,10.892395611,1.40866979693,0.187799924327,7,5,0.583333333333,0.907699634246,0.357529662916,2.87008620514,5.64779730754,-4.34273314216,3,0.369140451416,0.376410954722,0.385982399796,0.129654851951,1,2
v2,quarterly,walk_forward,T3,M30,NG,12,12,64,6.71757340881,1.21345609271,0.104962084513,5,7,0.416666666667,0.559797784067,-0.268084882575,3.88244799336,9.56200143143,-3.48449650104,2,0.227656813902,0.362112395052,0.539119977033,0.181095098748,3,2
v2,quarterly,walk_forward,T3,H1,Si,8,7,20,7.79667610589,1.89862831728,0.389833805294,4,3,0.5,0.974584513236,0.0416717631645,2.6878129152,6.86236418872,-1.08147862726,2,0.268010239008,0.250135980074,0.207607526415,0.08833201266,1,1
v2,quarterly,walk_forward,T3,H1,CNY,8,7,18,17.4769559152,2.82002338792,0.970941995291,3,4,0.375,2.18461948941,-0.486975919327,5.27320259515,11.4016327218,-2.79466687934,1,0.600769234013,0.594505706401,0.579602814776,0.246607066981,1,3
v2,quarterly,walk_forward,T3,H1,GD,8,5,8,3.25529177797,1.80936880802,0.406911472247,2,3,0.25,0.406911472247,0,2.77588940353,7.04333370194,-2.00041665661,2,0.111900445216,0.170960825094,0.311483944846,0.132528932041,0,1
v2,quarterly,walk_forward,T3,H1,BR,8,4,10,-1.95290132581,0.565846416235,-0.195290132581,2,2,0.25,-0.244112665726,0,1.23991907411,1.04097374674,-3.10554537355,1,-0.0671308573014,0.0386985127507,0.290499691004,0.123600636386,1,0
v2,quarterly,walk_forward,T3,H1,MIX,8,7,16,9.5706963825,2.80797372612,0.598168523906,6,1,0.75,1.19633704781,1.52816123379,1.25230983771,3.17800765698,-0.490302529723,1,0.328992071764,0.243504025201,0.0401012189626,0.0170621048391,0,2
v2,quarterly,walk_forward,T3,H1,NG,8,8,23,-7.05575526148,0.554788425006,-0.30677196789,3,5,0.375,-0.881969407684,-1.42330278634,2.15879157837,2.96474362359,-3.31978508186,3,-0.242541132699,0.10177589793,0.92101382746,0.391869247093,5,1
v2,quarterly,true_oos,T2,M30,Si,21,21,78,29.6960830685,1.83015050857,0.380719013699,8,13,0.380952380952,1.41409919374,-0.749142422379,6.18540396283,26.2171730469,-2.9741741642,5,0.212097716225,0.251297817772,0.374518510768,0.146573763007,2,5
v2,quarterly,true_oos,T2,M30,CNY,21,21,78,-13.1330483326,0.702105238018,-0.16837241452,7,14,0.333333333333,-0.625383253933,-1.01201468618,1.81071300476,3.83210567727,-3.07201571044,3,-0.0937998978515,0.0533938149927,0.516079129212,0.201975757681,6,1
v2,quarterly,true_oos,T2,M30,GD,21,19,66,105.774063445,3.79765532149,1.60263732492,7,12,0.333333333333,5.03686016403,-0.493590214886,19.9631088836,90.1256235631,-3.20546011832,3,0.75546789254,0.675447255432,0.423912234614,0.16590478074,2,5
v2,quarterly,true_oos,T2,M30,BR,21,19,61,9.43464816726,1.36568211212,0.154666363398,8,11,0.380952380952,0.449268960346,-0.138448635331,2.9685450998,11.1902048307,-2.29330065984,2,0.0673848913019,0.122471406984,0.295629086924,0.115699134967,2,2
v2,quarterly,true_oos,T2,M30,MIX,21,21,82,3.51439477544,1.0877353083,0.0428584728712,8,13,0.380952380952,0.167352132164,-0.332063256681,2.91474042558,8.20942600787,-4.11030440377,3,0.0251007886819,0.124721771846,0.437868067346,0.171366617366,5,3
v2,quarterly,true_oos,T2,M30,NG,21,20,72,4.72518760305,1.12248294942,0.0656276055979,9,11,0.428571428571,0.225008933479,-0.783681543547,3.31588071269,9.2545965112,-4.15267621069,3,0.0337486091021,0.148002802615,0.507146793245,0.198479946239,4,5
v2,quarterly,true_oos,T2,H1,Si,21,18,44,21.9404984704,2.25077969216,0.498647692509,8,10,0.380952380952,1.04478564145,0,3.57761886928,13.4022923511,-2.7384577864,3,0.566463188134,0.452012044008,0.321100150418,0.129024512267,2,3
v2,quarterly,true_oos,T2,H1,CNY,21,19,40,-3.45167247899,0.832868599046,-0.0862918119748,4,15,0.190476190476,-0.164365356142,-0.813084300942,2.42899765087,6.69180648029,-3.10428712441,6,-0.0891158147332,0.208080277543,0.548020113919,0.220205527212,4,3
v2,quarterly,true_oos,T2,H1,GD,21,18,47,21.2495728232,1.8219506831,0.452118570707,10,8,0.47619047619,1.01188442015,0,4.13132624795,15.9290089278,-5.83438308724,3,0.548624762749,0.474802793235,0.390363499147,0.156855921801,4,5
v2,quarterly,true_oos,T2,H1,BR,21,20,54,13.3486280406,1.63680763323,0.247196815567,10,10,0.47619047619,0.635648954314,0,2.28231284461,7.65775736606,-2.36260499568,3,0.34463694648,0.312492310734,0.275724525088,0.110791671455,2,4
v2,quarterly,true_oos,T2,H1,MIX,21,20,51,-7.08929275863,0.742414770777,-0.139005740365,8,12,0.380952380952,-0.337585369459,-0.864975940719,1.19535216796,2.41124845692,-2.35146967045,6,-0.183032458587,0.0981008620194,0.419667724743,0.168630950277,3,2
v2,quarterly,true_oos,T2,H1,NG,21,20,61,-7.2652993506,0.765097213709,-0.119103268043,9,11,0.428571428571,-0.345966635743,-0.0270798385688,1.8704062009,2.304531755,-5.72531307471,4,-0.187576624042,0.148913863447,0.533799547454,0.214491416988,6,4
v2,quarterly,true_oos,T3,M30,Si,21,21,98,43.2095577297,2.01930707924,0.440913854384,13,8,0.619047619048,2.05759798713,0.874143917804,4.28117557148,13.4790306208,-1.74464845238,3,0.277428431636,0.285519474249,0.325203108356,0.0820611263834,1,3
v2,quarterly,true_oos,T3,M30,CNY,21,21,107,25.0591013172,1.4939813087,0.234197208572,12,9,0.571428571429,1.19329053892,0.464861457991,4.6138306408,13.3372072996,-5.8781565416,4,0.160892810339,0.264211050946,0.770949607731,0.194539940024,5,2
v2,quarterly,true_oos,T3,M30,GD,21,21,124,28.6553701066,1.45608735616,0.231091694408,12,9,0.571428571429,1.36454143365,1.03707508194,4.42415588464,11.3196247458,-6.16038374503,3,0.183982776134,0.270161059794,0.692834334441,0.174828482325,5,4
v2,quarterly,true_oos,T3,M30,BR,21,20,129,36.8571536176,1.59995589869,0.285714369129,10,10,0.47619047619,1.75510255322,0,5.24308139117,15.8815320149,-5.1171060388,3,0.236642605478,0.32508334736,0.758853160309,0.191487545766,4,6
v2,quarterly,true_oos,T3,M30,MIX,21,21,124,27.8966176909,1.49737423517,0.224972723314,13,8,0.619047619048,1.32841036623,1.36323999943,3.26570853648,6.81355283407,-3.8895726868,5,0.179111180502,0.235657133607,0.512994557283,0.129448059129,1,5
v2,quarterly,true_oos,T3,M30,NG,21,20,116,-5.9275138932,0.913318115818,-0.0510992577,8,12,0.380952380952,-0.282262566343,-0.148789638644,3.1298112978,5.71849196025,-5.66451695239,9,-0.03805780409,0.12116626237,0.902102650462,0.227634846372,5,1
v2,quarterly,true_oos,T3,H1,Si,20,20,53,19.9543328006,2.03059684534,0.376496845294,9,11,0.45,0.99771664003,-0.250692294182,2.76141827692,9.78191864721,-1.62781463209,5,0.310161646922,0.303346501054,0.290438907532,0.114918755483,3,3
v2,quarterly,true_oos,T3,H1,CNY,20,15,51,12.9080765721,1.5146533175,0.253099540629,7,8,0.35,0.645403828604,0,2.79616686949,8.42379829963,-2.98991559929,5,0.200637642371,0.254983193863,0.357911333915,0.141615754639,3,3
v2,quarterly,true_oos,T3,H1,GD,20,16,60,9.98324390325,1.30399462582,0.166387398388,6,10,0.3,0.499162195163,-0.098683061373,3.94008438899,11.4258768859,-6.47973911248,2,0.155175289577,0.299290338368,0.572238050156,0.226418991597,5,2
v2,quarterly,true_oos,T3,H1,BR,20,18,63,15.0463714746,1.49254760743,0.238831293247,7,11,0.35,0.752318573728,-0.284336083275,3.48567569058,9.84875663375,-4.53823897091,4,0.233874387251,0.326454349116,0.501796820011,0.198547317751,2,6
v2,quarterly,true_oos,T3,H1,MIX,20,18,58,-1.48460886357,0.948262767072,-0.0255967045443,9,9,0.45,-0.0742304431785,0,1.90328536624,3.77005619877,-3.45815163511,3,-0.023076127614,0.13809365455,0.443342298741,0.175418457731,4,2
v2,quarterly,true_oos,T3,H1,NG,20,17,42,7.92785250827,1.36824056132,0.188758393054,6,11,0.3,0.396392625414,-0.300638786544,2.34855316291,6.94796355923,-2.92439704212,3,0.123227161494,0.20560110251,0.361613808329,0.143080722799,3,4
v3,perpetual,baseline,T2,M30,USDRUBF,24,24,114,36.876023063,1.74428515036,0.323473886517,14,10,0.583333333333,1.53650096096,0.510918925972,4.05544726856,12.5912113007,-3.72888852856,3,0.380511813471,0.460804601627,0.791744745861,0.324720585997,8,9
v3,perpetual,baseline,T2,M30,CNYRUBF,24,24,94,19.6990374886,1.48205022306,0.209564228602,15,9,0.625,0.820793228693,0.684620030841,2.48743851891,5.84690807609,-4.21782128928,2,0.203268027727,0.282977093303,0.611511327378,0.250800927456,6,8
v3,perpetual,baseline,T2,M30,GLDRUBF,18,18,86,14.0484750416,1.37134472412,0.163354360949,9,9,0.5,0.780470835645,0.0261390957295,3.08489907265,6.73647181017,-2.98806209101,2,0.144961692465,0.257415243282,0.720911345262,0.295669476443,9,3
v3,perpetual,baseline,T2,M30,IMOEXF,14,14,72,26.288102252,1.82758973372,0.365112531278,10,4,0.714285714286,1.87772158943,2.42020997719,2.88709089469,6.9189295081,-2.3167691024,3,0.271258466336,0.279616688336,0.314066497064,0.128809010103,1,4
v3,perpetual,baseline,T2,H1,USDRUBF,24,21,53,38.7344649929,2.7626567825,0.730838962131,11,10,0.458333333333,1.61393604137,0,5.16229395604,23.9789058939,-1.58672165566,3,0.481251860936,0.488157408824,0.516830874964,0.276099088108,6,8
v3,perpetual,baseline,T2,H1,CNYRUBF,24,22,47,14.7120219567,1.73892751333,0.31302174376,9,13,0.375,0.613000914863,-0.20331429455,2.30748106692,4.66148629012,-2.42363017969,3,0.182787807863,0.288535049655,0.727622578404,0.388707293074,12,7
v3,perpetual,baseline,T2,H1,GLDRUBF,18,16,47,14.5354572799,1.80729106472,0.309265048509,10,6,0.555555555556,0.807525404441,0.30432575119,2.58830705287,9.95483198329,-2.16269826094,2,0.180594100546,0.207121872374,0.317271447697,0.169491339692,4,5
v3,perpetual,baseline,T2,H1,IMOEXF,14,13,29,12.5049445225,2.15079884047,0.431204983536,8,5,0.571428571429,0.893210323039,0.610283352932,2.34773437766,6.82405625028,-2.67510625101,4,0.155366230655,0.185413855414,0.310178691609,0.165702279125,2,4
v3,perpetual,baseline,T3,M30,USDRUBF,24,24,122,64.3068456211,2.42630985205,0.527105291976,20,4,0.833333333333,2.67945190088,2.01376576851,3.05906117975,9.58446207309,-2.41659146903,1,0.493017402416,0.468350910073,0.300954994568,0.125619507268,3,11
v3,perpetual,baseline,T3,M30,CNYRUBF,24,24,119,25.5929295381,1.45490229933,0.215066634774,12,12,0.5,1.06637206409,0.0849020356955,3.77404151242,9.62645649847,-5.30877145858,3,0.196211764381,0.298892792186,0.995724121714,0.415618201399,11,6
v3,perpetual,baseline,T3,M30,GLDRUBF,18,17,94,13.7801310255,1.31146663463,0.146597138569,10,7,0.555555555556,0.765562834751,0.379177664711,3.72800132592,10.2989007998,-5.2589281867,2,0.105647296762,0.204953391354,0.878881179223,0.366847610685,6,4
v3,perpetual,baseline,T3,M30,IMOEXF,14,13,63,26.7553387091,2.11576226631,0.424687916018,10,3,0.714285714286,1.91109562208,0.924858571087,2.85643754621,7.37973158772,-2.04844381561,1,0.205123536441,0.20706058403,0.220206103467,0.0919146806472,4,3
v3,perpetual,baseline,T3,H1,USDRUBF,23,22,64,27.7780237436,2.19561272857,0.434031620993,13,9,0.565217391304,1.20774016276,0.74370486259,2.7087878851,6.83311140798,-2.18318094409,2,0.338042300945,0.40616721318,0.750877298122,0.363557991358,7,7
v3,perpetual,baseline,T3,H1,CNYRUBF,23,21,52,26.6944517108,2.11808286388,0.513354840593,10,11,0.434782608696,1.16062833525,0,3.69651568015,15.0918375114,-2.83525573256,6,0.324855863113,0.39505437488,0.750256813463,0.363257566566,10,6
v3,perpetual,baseline,T3,H1,GLDRUBF,18,14,41,13.9365869262,2.06392794434,0.339916754296,6,8,0.333333333333,0.774254829231,0,2.3072529995,6.41788781819,-1.65873334217,3,0.169600111057,0.196097322336,0.330172444805,0.159862112139,3,6
v3,perpetual,baseline,T3,H1,IMOEXF,14,12,27,13.7641557815,2.54740564919,0.509783547462,7,5,0.5,0.983153984391,0.74715286674,1.85900649396,4.90675221839,-2.0004639751,4,0.167501724885,0.178483530157,0.234051147114,0.113322329937,3,4
v3,perpetual,walk_forward,T2,M30,USDRUBF,12,12,48,22.9135864875,2.10537164366,0.477366385156,8,4,0.666666666667,1.90946554062,1.41184834856,4.32209210625,12.4070901558,-3.02416706705,2,0.373199909968,0.472531011017,2.0991907311,0.260608939153,2,5
v3,perpetual,walk_forward,T2,M30,CNYRUBF,12,12,42,-3.36370960406,0.840780498736,-0.0800883239062,6,6,0.5,-0.280309133672,0.0840907680505,1.63806974524,1.36821554858,-4.21782128928,3,-0.0547856671011,0.0910915732238,2.47999724736,0.307885054064,4,1
v3,perpetual,walk_forward,T2,M30,GLDRUBF,12,12,49,15.0185447965,1.67808705868,0.306500914215,6,6,0.5,1.25154539971,0.165614742922,3.1343141452,6.73647181017,-2.35386695463,2,0.244611185987,0.357229579046,2.20148381357,0.273308352936,3,3
v3,perpetual,walk_forward,T2,M30,IMOEXF,12,12,54,26.8291989396,2.17734854541,0.496837017401,9,3,0.75,2.2357665783,2.49805867253,2.89129718841,7.46788872865,-1.94681440926,1,0.436974571146,0.485161280626,1.27427343711,0.158197653846,3,3
v3,perpetual,walk_forward,T2,H1,USDRUBF,12,10,24,24.8675297733,3.60731945789,1.03614707389,6,4,0.5,2.07229414777,0.0341479600963,6.97718785227,23.9789058939,-1.58672165566,2,0.514785687446,0.516534761149,0.529972548971,0.247585680468,2,3
v3,perpetual,walk_forward,T2,H1,CNYRUBF,12,10,17,10.4712291173,2.98575160524,0.615954653962,7,3,0.583333333333,0.872602426446,0.405442109911,1.63855036305,4.66148629012,-1.05519075196,1,0.216766157665,0.228076667031,0.314973076706,0.147145024166,3,3
v3,perpetual,walk_forward,T2,H1,GLDRUBF,12,10,24,-0.316717361884,0.974176663187,-0.0131965567452,5,5,0.416666666667,-0.0263931134903,0,1.24025573856,1.8827162213,-2.16269826094,2,-0.00655640372606,0.100587920577,0.923756603583,0.431548591959,5,1
v3,perpetual,walk_forward,T2,H1,IMOEXF,12,10,20,13.2845263882,2.90350425721,0.66422631941,7,3,0.583333333333,1.10704386568,0.610290493384,1.83526995405,5.10841310731,-1.00006607866,2,0.275004558615,0.286159414721,0.37185997114,0.173720703407,2,5
v3,perpetual,walk_forward,T3,M30,USDRUBF,12,12,42,13.7022379297,1.7632770654,0.326243760231,8,4,0.666666666667,1.14185316081,0.794243698136,3.4974217449,8.08808052959,-3.4752220837,2,0.29362436843,0.34569319797,0.48442065568,0.238605767299,2,2
v3,perpetual,walk_forward,T3,M30,CNYRUBF,12,11,43,8.28497826791,1.35462665454,0.192673913207,5,6,0.416666666667,0.690414855659,-0.38684508345,4.20137914294,10.2933432909,-5.24964929374,3,0.177538262279,0.348846833449,0.805265822937,0.396640951018,5,4
v3,perpetual,walk_forward,T3,M30,GLDRUBF,12,11,43,6.07178691064,1.30287321179,0.141204346759,6,5,0.5,0.505982242553,0.264990096211,3.08435873801,6.53480756637,-5.2589281867,2,0.130111928141,0.247463892161,0.560125800823,0.275895020005,3,2
v3,perpetual,walk_forward,T3,M30,IMOEXF,12,11,43,18.6068713999,2.13934767108,0.432717939533,7,4,0.583333333333,1.55057261666,1.25232623622,2.26608847963,5.55965932533,-1.25186682666,1,0.39872544115,0.339144169734,0.180401244578,0.0888582616774,2,4
v3,perpetual,walk_forward,T3,H1,USDRUBF,8,8,14,12.0435361447,6.94217832716,0.860252581764,6,2,0.75,1.50544201809,0.895415504581,2.4158017273,5.46648912639,-0.861255067059,1,0.31450889859,0.343317580679,0.996205354604,0.169572415991,2,2
v3,perpetual,walk_forward,T3,H1,CNYRUBF,8,7,16,17.6745078037,4.83925380159,1.10465673773,4,3,0.5,2.20931347546,0.863531169288,4.37787551724,12.0734700091,-0.908418429062,1,0.461557960691,0.503893489229,1.46333859329,0.249087057735,1,1
v3,perpetual,walk_forward,T3,H1,GLDRUBF,8,8,22,0.224042326471,1.03759208693,0.0101837421123,3,5,0.375,0.0280052908088,-0.250828907559,1.3445774935,3.04524838697,-1.15123566326,5,0.00585071564442,0.091987043866,2.04408451962,0.347940661914,4,2
v3,perpetual,walk_forward,T3,H1,IMOEXF,8,8,14,8.35106281786,3.05104290939,0.59650448699,5,3,0.625,1.04388285223,1.27398230969,1.8306707009,3.98068817091,-2.00037118008,2,0.218082425074,0.266812622145,1.37117934706,0.233399864359,1,3
v3,perpetual,true_oos,T2,M30,USDRUBF,21,21,85,21.422458778,1.53295570006,0.2520289268,8,13,0.380952380952,1.02011708467,-1.02150715847,4.7145277825,14.4379465932,-3.1294973361,3,0.645585560876,0.51320265114,0.420077565725,0.202831820032,4,5
v3,perpetual,true_oos,T2,M30,CNYRUBF,21,21,90,0.167702173535,1.00356965089,0.00186335748372,9,12,0.428571428571,0.00798581778736,-0.71296658924,3.54960412006,8.50884804635,-5.02273358486,5,0.0050538597312,0.338489270013,0.573045234407,0.276691300224,7,4
v3,perpetual,true_oos,T2,M30,GLDRUBF,21,21,81,9.77765663322,1.2425627392,0.120711810287,11,10,0.52380952381,0.46560269682,0.071739684218,3.37535046718,10.5948642819,-3.96346002367,3,0.294658704074,0.386934402279,0.451845970502,0.21817099519,4,4
v3,perpetual,true_oos,T2,M30,IMOEXF,21,21,105,1.815171745,1.03060680251,0.0172873499524,12,9,0.571428571429,0.0864367497619,0.51007836153,3.48729176089,6.45334596249,-6.48907339305,2,0.0547018753182,0.39013406182,0.626094663388,0.302305884553,6,8
v3,perpetual,true_oos,T2,H1,USDRUBF,21,16,34,33.9163232296,3.49513443046,0.997538918517,12,4,0.571428571429,1.61506301093,0.348287544569,3.39664063109,12.4489625057,-2.64148244386,1,0.517524134909,0.465232068042,0.307153210389,0.138807133095,3,10
v3,perpetual,true_oos,T2,H1,CNYRUBF,21,17,35,8.76535174486,1.5195230427,0.250438621282,7,10,0.333333333333,0.417397702136,0,2.42815150382,7.15192524909,-2.68851048492,3,0.133749199411,0.22735110016,0.510309537855,0.230616518223,2,2
v3,perpetual,true_oos,T2,H1,GLDRUBF,21,18,48,27.1168783936,2.06685185342,0.564934966534,10,8,0.47619047619,1.29127992351,0,3.28793495117,10.181928975,-3.29592612873,4,0.413772416812,0.41670479714,0.425569379478,0.192321172303,2,7
v3,perpetual,true_oos,T2,H1,IMOEXF,21,21,55,-4.26282094166,0.860789115885,-0.077505835303,4,17,0.190476190476,-0.202991473413,-0.848507878029,2.7848903673,9.37213081596,-2.60831347009,5,-0.065045751132,0.19218009661,0.969773536798,0.43825517638,14,2
v3,perpetual,true_oos,T3,M30,USDRUBF,21,20,82,41.2276176804,2.18935615209,0.50277582537,13,7,0.619047619048,1.96321988954,0.716573537966,4.20351392094,12.1935714388,-4.07900083218,4,0.263482129325,0.288926768865,0.43823682693,0.21594659726,2,4
v3,perpetual,true_oos,T3,M30,CNYRUBF,21,21,91,44.3686426937,2.24325924838,0.487567502129,14,7,0.666666666667,2.11279250922,0.63864116518,4.42591306193,14.0215660398,-4.91273402244,4,0.283556147794,0.318162822516,0.521236031856,0.256845478362,4,5
v3,perpetual,true_oos,T3,M30,GLDRUBF,21,20,91,41.3638065699,1.93329404499,0.454547324944,12,8,0.571428571429,1.96970507476,0.46264821754,4.65771545149,15.7549334576,-5.67335450535,1,0.264352500708,0.294382796517,0.470601650152,0.231894762764,6,5
v3,perpetual,true_oos,T3,M30,IMOEXF,21,20,105,29.5120922345,1.64783226183,0.28106754509,11,9,0.52380952381,1.40533772545,0.548182788556,3.57047473788,7.37771195621,-5.01929828609,5,0.188609222174,0.24840684215,0.59930142238,0.295313161614,9,7
v3,perpetual,true_oos,T3,H1,USDRUBF,20,17,49,23.2876897964,2.42333238296,0.475258975437,9,8,0.45,1.16438448982,0,3.17857565978,8.16833009311,-2.12815052154,4,0.275819009116,0.300669625714,0.395609408202,0.249951476128,5,2
v3,perpetual,true_oos,T3,H1,CNYRUBF,20,19,51,21.624393858,2.54123305758,0.424007722706,10,9,0.5,1.0812196929,0.406506199266,2.66137779717,7.76788554964,-2.12310961987,3,0.256118959793,0.288682001294,0.413086482975,0.260993732828,5,7
v3,perpetual,true_oos,T3,H1,GLDRUBF,20,15,41,36.1997593417,3.69344533815,0.882920959555,9,6,0.45,1.80998796709,0,4.31572643237,14.3506139645,-1.97829543222,2,0.428749345219,0.397103978957,0.276205401734,0.174510379295,3,6
v3,perpetual,true_oos,T3,H1,IMOEXF,20,19,58,3.31921152411,1.13853115388,0.0572277848985,10,9,0.5,0.165960576206,0.03204229204,1.67662439722,3.69952277257,-2.81924261489,2,0.039312685871,0.134435288588,0.497843543525,0.314544411749,7,5
